Model,CPU,Memory,GPU,Graphic Driver,Power Mode,comment,Game Title,Black Myth: Wukong,Black Myth: Wukong,Black Myth: Wukong,Black Myth: Wukong,Black Myth: Wukong,Black Myth: Wukong,Black Myth: Wukong,Black Myth: Wukong,Black Myth: Wukong,Black Myth: Wukong,Black Myth: Wukong,Black Myth: Wukong,Black Myth: Wukong,Black Myth: Wukong,Black Myth: Wukong,Black Myth: Wukong,Black Myth: Wukong,Black Myth: Wukong,Black Myth: Wukong,Black Myth: Wukong,Black Myth: Wukong,Black Myth: Wukong,Black Myth: Wukong,Black Myth: Wukong,Black Myth: Wukong,Black Myth: Wukong,Black Myth: Wukong,Black Myth: Wukong,Black Myth: Wukong,Black Myth: Wukong,Black Myth: Wukong,Black Myth: Wukong,Black Myth: Wukong,Black Myth: Wukong,Black Myth: Wukong,Black Myth: Wukong,Black Myth: Wukong,Black Myth: Wukong,Black Myth: Wukong,Black Myth: Wukong,Black Myth: Wukong,Black Myth: Wukong,Black Myth: Wukong,Black Myth: Wukong,Black Myth: Wukong,Black Myth: Wukong,Black Myth: Wukong,Black Myth: Wukong,Black Myth: Wukong,Black Myth: Wukong,Black Myth: Wukong,Black Myth: Wukong,Black Myth: Wukong,Black Myth: Wukong,Black Myth: Wukong,Black Myth: Wukong,Black Myth: Wukong,Black Myth: Wukong,Black Myth: Wukong,Black Myth: Wukong,Black Myth: Wukong,Black Myth: Wukong,Black Myth: Wukong,Black Myth: Wukong,Black Myth: Wukong,Black Myth: Wukong,Black Myth: Wukong,Black Myth: Wukong,Black Myth: Wukong,Black Myth: Wukong,Black Myth: Wukong,Black Myth: Wukong,Black Myth: Wukong,Black Myth: Wukong,Black Myth: Wukong,Black Myth: Wukong,Black Myth: Wukong,Black Myth: Wukong,Black Myth: Wukong,Black Myth: Wukong,Black Myth: Wukong,Black Myth: Wukong,Black Myth: Wukong,Black Myth: Wukong,Black Myth: Wukong,Black Myth: Wukong,Black Myth: Wukong,Black Myth: Wukong,Black Myth: Wukong,Black Myth: Wukong,Black Myth: Wukong,Black Myth: Wukong,Black Myth: Wukong,Black Myth: Wukong,Black Myth: Wukong,Black Myth: Wukong,Black Myth: Wukong,Black Myth: Wukong,Black Myth: Wukong,Black Myth: Wukong,Black Myth: Wukong,Black Myth: Wukong,Black Myth: Wukong,Black Myth: Wukong,Black Myth: Wukong,Black Myth: Wukong,Black Myth: Wukong,Black Myth: Wukong,Black Myth: Wukong,Black Myth: Wukong,Black Myth: Wukong,Black Myth: Wukong,Black Myth: Wukong,Black Myth: Wukong,Black Myth: Wukong,Black Myth: Wukong,Black Myth: Wukong,Black Myth: Wukong,Black Myth: Wukong,Black Myth: Wukong,Black Myth: Wukong,Black Myth: Wukong,Black Myth: Wukong,Black Myth: Wukong,Black Myth: Wukong,Black Myth: Wukong,Black Myth: Wukong,Black Myth: Wukong,Black Myth: Wukong,Black Myth: Wukong,Black Myth: Wukong,Black Myth: Wukong,Black Myth: Wukong,Black Myth: Wukong,Black Myth: Wukong,Black Myth: Wukong,Black Myth: Wukong,Black Myth: Wukong,Black Myth: Wukong,Black Myth: Wukong,Black Myth: Wukong,Black Myth: Wukong,Black Myth: Wukong,Black Myth: Wukong,Black Myth: Wukong,Black Myth: Wukong,Black Myth: Wukong,Black Myth: Wukong,Black Myth: Wukong,Black Myth: Wukong,Black Myth: Wukong,Black Myth: Wukong,Black Myth: Wukong,Black Myth: Wukong,Black Myth: Wukong,Black Myth: Wukong,Black Myth: Wukong,Black Myth: Wukong,Black Myth: Wukong,Black Myth: Wukong,Black Myth: Wukong,Black Myth: Wukong,Black Myth: Wukong,Black Myth: Wukong,Black Myth: Wukong,Black Myth: Wukong,Black Myth: Wukong,Black Myth: Wukong,Counter-Strike 2,Counter-Strike 2 (run2),Counter-Strike 2,Counter-Strike 2 (run2),Counter-Strike 2,Counter-Strike 2 (run2),Counter-Strike 2,Counter-Strike 2 (run2),Counter-Strike 2,Counter-Strike 2 (run2),Counter-Strike 2,Counter-Strike 2 (run2),Counter-Strike 2,Counter-Strike 2 (run2),Counter-Strike 2,Counter-Strike 2 (run2),Shadow of the Tomb Raider,Shadow of the Tomb Raider,Shadow of the Tomb Raider,Shadow of the Tomb Raider,Shadow of the Tomb Raider,Shadow of the Tomb Raider,Shadow of the Tomb Raider,Shadow of the Tomb Raider,Shadow of the Tomb Raider,Shadow of the Tomb Raider,Shadow of the Tomb Raider,Shadow of the Tomb Raider,Shadow of the Tomb Raider,Shadow of the Tomb Raider,Shadow of the Tomb Raider,Shadow of the Tomb Raider,Shadow of the Tomb Raider,Shadow of the Tomb Raider,Shadow of the Tomb Raider,Shadow of the Tomb Raider,Shadow of the Tomb Raider,Shadow of the Tomb Raider,Shadow of the Tomb Raider,Shadow of the Tomb Raider,Shadow of the Tomb Raider,Shadow of the Tomb Raider,Shadow of the Tomb Raider,Shadow of the Tomb Raider,Shadow of the Tomb Raider,Shadow of the Tomb Raider,Shadow of the Tomb Raider,Shadow of the Tomb Raider,Shadow of the Tomb Raider,Shadow of the Tomb Raider,Shadow of the Tomb Raider,Shadow of the Tomb Raider,Shadow of the Tomb Raider,Shadow of the Tomb Raider,Shadow of the Tomb Raider,Shadow of the Tomb Raider,Cyberpunk 2077,Cyberpunk 2077,Cyberpunk 2077,Cyberpunk 2077,Cyberpunk 2077,Cyberpunk 2077,Cyberpunk 2077,Cyberpunk 2077,Cyberpunk 2077,Cyberpunk 2077,Cyberpunk 2077,Cyberpunk 2077,Cyberpunk 2077,Cyberpunk 2077,Cyberpunk 2077,Cyberpunk 2077,Cyberpunk 2077,Cyberpunk 2077,Cyberpunk 2077,Cyberpunk 2077,Cyberpunk 2077,Cyberpunk 2077,Cyberpunk 2077,Cyberpunk 2077,Cyberpunk 2077,Cyberpunk 2077,Cyberpunk 2077,Cyberpunk 2077,Cyberpunk 2077,Cyberpunk 2077,Cyberpunk 2077,Cyberpunk 2077,Cyberpunk 2077,Cyberpunk 2077,Cyberpunk 2077,Cyberpunk 2077,Cyberpunk 2077,Cyberpunk 2077,Cyberpunk 2077,Cyberpunk 2077,Cyberpunk 2077,Cyberpunk 2077,Cyberpunk 2077,Cyberpunk 2077,Cyberpunk 2077,Cyberpunk 2077,Cyberpunk 2077,Cyberpunk 2077,Cyberpunk 2077,Cyberpunk 2077,Cyberpunk 2077,Cyberpunk 2077,Cyberpunk 2077,Cyberpunk 2077,Cyberpunk 2077,Cyberpunk 2077,Cyberpunk 2077,Cyberpunk 2077,Cyberpunk 2077,Cyberpunk 2077,Cyberpunk 2077,Cyberpunk 2077,Cyberpunk 2077,Cyberpunk 2077,Cyberpunk 2077,Cyberpunk 2077,Cyberpunk 2077,Cyberpunk 2077,Cyberpunk 2077,Cyberpunk 2077,Cyberpunk 2077,Cyberpunk 2077,Cyberpunk 2077,Cyberpunk 2077,Cyberpunk 2077,Cyberpunk 2077,Cyberpunk 2077,Cyberpunk 2077,Cyberpunk 2077,Cyberpunk 2077,Cyberpunk 2077,Cyberpunk 2077,Cyberpunk 2077,Cyberpunk 2077,Cyberpunk 2077,Cyberpunk 2077,Cyberpunk 2077,Cyberpunk 2077,Cyberpunk 2077,Cyberpunk 2077,Cyberpunk 2077,Cyberpunk 2077,Cyberpunk 2077,Cyberpunk 2077,Cyberpunk 2077,Cyberpunk 2077,Cyberpunk 2077,Cyberpunk 2077,Cyberpunk 2077,Cyberpunk 2077,Cyberpunk 2077,Cyberpunk 2077,Cyberpunk 2077,Cyberpunk 2077,Cyberpunk 2077,Cyberpunk 2077,Cyberpunk 2077,Cyberpunk 2077,Cyberpunk 2077,Cyberpunk 2077,Cyberpunk 2077,Cyberpunk 2077,Cyberpunk 2077,Cyberpunk 2077,Cyberpunk 2077,Cyberpunk 2077,Cyberpunk 2077
,,,,,,,Resolution,FHD,FHD,FHD,FHD,FHD,FHD,FHD,FHD,FHD,FHD,FHD,FHD,FHD,FHD,FHD,FHD,FHD,FHD,FHD,FHD,FHD,FHD,FHD,FHD,FHD,FHD,FHD,FHD,FHD,FHD,FHD,FHD,FHD,FHD,FHD,FHD,FHD,FHD,FHD,FHD,FHD,FHD,FHD,FHD,FHD,FHD,FHD,FHD,FHD,FHD,FHD,FHD,FHD,FHD,FHD,FHD,FHD,FHD,FHD,FHD,FHD,FHD,FHD,FHD,FHD,FHD,FHD,FHD,FHD,FHD,FHD,FHD,FHD,FHD,FHD,FHD,FHD,FHD,FHD,FHD,FHD,FHD,FHD,FHD,FHD,FHD,FHD,FHD,FHD,FHD,FHD,FHD,FHD,FHD,FHD,QHD,QHD,QHD,QHD,QHD,QHD,QHD,QHD,QHD,QHD,QHD,QHD,QHD,QHD,QHD,QHD,QHD,QHD,QHD,QHD,QHD,QHD,QHD,QHD,QHD,QHD,QHD,QHD,QHD,QHD,QHD,QHD,QHD,QHD,QHD,QHD,QHD,QHD,QHD,QHD,QHD,QHD,QHD,QHD,QHD,QHD,QHD,QHD,QHD,QHD,QHD,QHD,QHD,QHD,QHD,QHD,QHD,QHD,QHD,QHD,QHD,QHD,QHD,QHD,QHD,QHD,QHD,QHD,QHD,QHD,QHD,QHD,QHD,FHD,FHD,FHD,FHD,FHD,FHD,FHD,FHD,QHD,QHD,QHD,QHD,QHD,QHD,QHD,QHD,FHD,FHD,FHD,FHD,FHD,FHD,FHD,FHD,FHD,FHD,FHD,FHD,FHD,FHD,FHD,FHD,FHD,FHD,FHD,FHD,QHD,QHD,QHD,QHD,QHD,QHD,QHD,QHD,QHD,QHD,QHD,QHD,QHD,QHD,QHD,QHD,QHD,QHD,QHD,QHD,FHD,FHD,FHD,FHD,FHD,FHD,FHD,FHD,FHD,QHD,QHD,QHD,QHD,QHD,QHD,QHD,QHD,QHD,QHD,QHD,QHD,QHD,QHD,QHD,QHD,QHD,QHD,QHD,QHD,QHD,QHD,QHD,QHD,QHD,QHD,QHD,QHD,QHD,QHD,QHD,QHD,QHD,QHD,QHD,QHD,QHD,QHD,QHD,QHD,QHD,QHD,QHD,QHD,QHD,QHD,QHD,QHD,QHD,QHD,QHD,QHD,QHD,QHD,QHD,QHD,QHD,QHD,QHD,QHD,QHD,QHD,QHD,QHD,QHD,QHD,QHD,QHD,QHD,QHD,QHD,QHD,QHD,QHD,QHD,QHD,QHD,QHD,QHD,QHD,QHD,QHD,QHD,QHD,QHD,QHD,QHD,QHD,QHD,QHD,QHD,QHD,QHD,QHD,QHD,QHD,QHD,QHD,QHD,QHD,QHD,QHD,QHD,QHD,QHD,QHD,QHD,QHD
,,,,,,,Super Resolution,dlss quality,dlss quality,dlss quality,dlss quality,dlss quality,dlss quality,dlss quality,dlss quality,dlss quality,dlss quality,dlss quality,dlss quality,dlss quality,dlss quality,dlss quality,dlss quality,dlss quality,dlss quality,dlss quality,dlss quality,dlss quality,dlss quality,dlss quality,dlss quality,dlss quality,dlss quality,dlss quality,dlss quality,dlss quality,dlss quality,dlss quality,dlss quality,dlss quality,dlss quality,dlss quality,dlss quality,dlss quality,dlss quality,dlss quality,dlss quality,dlss quality,dlss quality,dlss quality,dlss quality,dlss quality,dlss quality,dlss quality,dlss quality,dlss quality,dlss quality,dlss quality,dlss quality,dlss quality,dlss quality,dlss quality,dlss quality,dlss quality,dlss quality,dlss quality,dlss quality,dlss quality,dlss quality,dlss quality,dlss quality,dlss quality,dlss quality,dlss quality,dlss quality,dlss quality,dlss quality,dlss quality,dlss quality,dlss quality,dlss quality,dlss quality,dlss quality,dlss quality,dlss quality,dlss quality,dlss quality,dlss quality,dlss quality,dlss quality,dlss quality,dlss quality,dlss quality,dlss quality,dlss quality,dlss quality,dlss quality,dlss quality,dlss quality,dlss quality,dlss quality,dlss quality,dlss quality,dlss quality,dlss quality,dlss quality,dlss quality,dlss quality,dlss quality,dlss quality,dlss quality,dlss quality,dlss quality,dlss quality,dlss quality,dlss quality,dlss quality,dlss quality,dlss quality,dlss quality,dlss quality,dlss quality,dlss quality,dlss quality,dlss quality,dlss quality,dlss quality,dlss quality,dlss quality,dlss quality,dlss quality,dlss quality,dlss quality,dlss quality,dlss quality,dlss quality,dlss quality,dlss quality,dlss quality,dlss quality,dlss quality,dlss quality,dlss quality,dlss quality,dlss quality,dlss quality,dlss quality,dlss quality,dlss quality,dlss quality,dlss quality,dlss quality,dlss quality,dlss quality,dlss quality,dlss quality,dlss quality,dlss quality,dlss quality,dlss quality,dlss quality,dlss quality,dlss quality,dlss quality,dlss quality,dlss quality,dlss quality,dlss quality,dlss quality,dlss quality,dlss quality,dlss quality,dlss quality,dlss quality,dlss quality,OFF,OFF,OFF,OFF,OFF,OFF,OFF,OFF,OFF,OFF,OFF,OFF,OFF,OFF,OFF,OFF,dlss balanced,dlss balanced,dlss balanced,dlss balanced,dlss balanced,dlss performance,dlss performance,dlss performance,dlss performance,dlss performance,dlss quality,dlss quality,dlss quality,dlss quality,dlss quality,dlss ultra performance,dlss ultra performance,dlss ultra performance,dlss ultra performance,dlss ultra performance,dlss balanced,dlss balanced,dlss balanced,dlss balanced,dlss balanced,dlss performance,dlss performance,dlss performance,dlss performance,dlss performance,dlss quality,dlss quality,dlss quality,dlss quality,dlss quality,dlss ultra performance,dlss ultra performance,dlss ultra performance,dlss ultra performance,dlss ultra performance,OFF,OFF,OFF,OFF,OFF,OFF,OFF,OFF,OFF,OFF,OFF,OFF,OFF,OFF,OFF,OFF,OFF,dlss balanced,dlss balanced,dlss balanced,dlss balanced,dlss balanced,dlss balanced,dlss balanced,dlss balanced,dlss balanced,dlss balanced,dlss balanced,dlss balanced,dlss balanced,dlss balanced,dlss balanced,dlss balanced,dlss balanced,dlss balanced,dlss balanced,dlss balanced,dlss balanced,dlss balanced,dlss balanced,dlss balanced,dlss balanced,dlss performance,dlss performance,dlss performance,dlss performance,dlss performance,dlss performance,dlss performance,dlss performance,dlss performance,dlss performance,dlss performance,dlss performance,dlss performance,dlss performance,dlss performance,dlss performance,dlss performance,dlss performance,dlss performance,dlss performance,dlss performance,dlss performance,dlss performance,dlss performance,dlss quality,dlss quality,dlss quality,dlss quality,dlss quality,dlss quality,dlss quality,dlss quality,dlss quality,dlss quality,dlss quality,dlss quality,dlss quality,dlss quality,dlss quality,dlss quality,dlss quality,dlss quality,dlss quality,dlss quality,dlss quality,dlss quality,dlss quality,dlss quality,dlss quality,dlss quality,dlss quality,dlss ultra performance,dlss ultra performance,dlss ultra performance,dlss ultra performance,dlss ultra performance,dlss ultra performance,dlss ultra performance,dlss ultra performance,dlss ultra performance,dlss ultra performance,dlss ultra performance,dlss ultra performance,dlss ultra performance,dlss ultra performance,dlss ultra performance,dlss ultra performance,dlss ultra performance,dlss ultra performance,dlss ultra performance,dlss ultra performance,dlss ultra performance,dlss ultra performance,dlss ultra performance,dlss ultra performance
,,,,,,,Frame Generation,OFF,OFF,OFF,OFF,OFF,OFF,OFF,OFF,OFF,OFF,OFF,OFF,OFF,OFF,OFF,OFF,OFF,OFF,OFF,2x,2x,2x,2x,2x,2x,2x,2x,2x,2x,2x,2x,2x,2x,2x,2x,2x,2x,2x,3x,3x,3x,3x,3x,3x,3x,3x,3x,3x,3x,3x,3x,3x,3x,3x,3x,3x,3x,4x,4x,4x,4x,4x,4x,4x,4x,4x,4x,4x,4x,4x,4x,4x,4x,4x,4x,4x,ON,ON,ON,ON,ON,ON,ON,ON,ON,ON,ON,ON,ON,ON,ON,ON,ON,ON,ON,OFF,OFF,OFF,OFF,OFF,OFF,OFF,OFF,OFF,OFF,OFF,2x,2x,2x,2x,2x,2x,2x,2x,2x,2x,2x,2x,2x,2x,2x,2x,2x,3x,3x,3x,3x,3x,3x,3x,3x,3x,3x,3x,3x,3x,3x,3x,3x,3x,4x,4x,4x,4x,4x,4x,4x,4x,4x,4x,4x,4x,4x,4x,4x,4x,4x,ON,ON,ON,ON,ON,ON,ON,ON,ON,ON,ON,OFF,OFF,OFF,OFF,OFF,OFF,OFF,OFF,OFF,OFF,OFF,OFF,OFF,OFF,OFF,OFF,OFF,OFF,OFF,OFF,OFF,OFF,OFF,OFF,OFF,OFF,OFF,OFF,OFF,OFF,OFF,OFF,OFF,OFF,OFF,OFF,OFF,OFF,OFF,OFF,OFF,OFF,OFF,OFF,OFF,OFF,OFF,OFF,OFF,OFF,OFF,OFF,OFF,OFF,OFF,OFF,OFF,OFF,OFF,OFF,OFF,OFF,OFF,OFF,OFF,OFF,OFF,OFF,OFF,OFF,OFF,OFF,OFF,dlss x2,dlss x2,dlss x2,dlss x2,dlss x2,dlss x2,dlss x2,dlss x2,dlss x2,dlss x3,dlss x3,dlss x3,dlss x3,dlss x3,dlss x3,dlss x3,dlss x3,dlss x4,dlss x4,dlss x4,dlss x4,dlss x4,dlss x4,dlss x4,dlss x4,dlss x2,dlss x2,dlss x2,dlss x2,dlss x2,dlss x2,dlss x2,dlss x2,dlss x3,dlss x3,dlss x3,dlss x3,dlss x3,dlss x3,dlss x3,dlss x3,dlss x4,dlss x4,dlss x4,dlss x4,dlss x4,dlss x4,dlss x4,dlss x4,dlss x2,dlss x2,dlss x2,dlss x2,dlss x2,dlss x2,dlss x2,dlss x2,dlss x2,dlss x3,dlss x3,dlss x3,dlss x3,dlss x3,dlss x3,dlss x3,dlss x3,dlss x3,dlss x4,dlss x4,dlss x4,dlss x4,dlss x4,dlss x4,dlss x4,dlss x4,dlss x4,dlss x2,dlss x2,dlss x2,dlss x2,dlss x2,dlss x2,dlss x2,dlss x2,dlss x3,dlss x3,dlss x3,dlss x3,dlss x3,dlss x3,dlss x3,dlss x3,dlss x4,dlss x4,dlss x4,dlss x4,dlss x4,dlss x4,dlss x4,dlss x4
,,,,,,,Ray Tracing,OFF,OFF,OFF,OFF,OFF,low,low,low,low,low,medium,medium,medium,medium,medium,veryhigh,veryhigh,veryhigh,veryhigh,OFF,OFF,OFF,OFF,OFF,low,low,low,low,low,medium,medium,medium,medium,medium,veryhigh,veryhigh,veryhigh,veryhigh,OFF,OFF,OFF,OFF,OFF,low,low,low,low,low,medium,medium,medium,medium,medium,veryhigh,veryhigh,veryhigh,veryhigh,OFF,OFF,OFF,OFF,OFF,low,low,low,low,low,medium,medium,medium,medium,medium,veryhigh,veryhigh,veryhigh,veryhigh,OFF,OFF,OFF,OFF,OFF,low,low,low,low,low,medium,medium,medium,medium,medium,veryhigh,veryhigh,veryhigh,veryhigh,OFF,OFF,OFF,low,low,low,medium,medium,medium,veryhigh,veryhigh,OFF,OFF,OFF,low,low,low,low,low,medium,medium,medium,medium,medium,veryhigh,veryhigh,veryhigh,veryhigh,OFF,OFF,OFF,low,low,low,low,low,medium,medium,medium,medium,medium,veryhigh,veryhigh,veryhigh,veryhigh,OFF,OFF,OFF,low,low,low,low,low,medium,medium,medium,medium,medium,veryhigh,veryhigh,veryhigh,veryhigh,OFF,OFF,OFF,low,low,low,medium,medium,medium,veryhigh,veryhigh,OFF,OFF,OFF,OFF,OFF,OFF,OFF,OFF,OFF,OFF,OFF,OFF,OFF,OFF,OFF,OFF,OFF,OFF,OFF,OFF,OFF,OFF,OFF,OFF,OFF,OFF,OFF,OFF,OFF,OFF,OFF,OFF,OFF,OFF,OFF,OFF,OFF,OFF,OFF,OFF,OFF,OFF,OFF,OFF,OFF,OFF,OFF,OFF,OFF,OFF,OFF,OFF,OFF,OFF,OFF,OFF,OFF,OFF,OFF,OFF,OFF,OFF,OFF,OFF,OFF,OFF,OFF,OFF,OFF,OFF,OFF,OFF,OFF,OFF,OFF,OFF,OFF,OFF,OFF,OFF,OFF,OFF,OFF,OFF,OFF,OFF,OFF,OFF,OFF,OFF,OFF,OFF,OFF,OFF,OFF,OFF,OFF,OFF,OFF,OFF,OFF,OFF,OFF,OFF,OFF,OFF,OFF,OFF,OFF,OFF,OFF,OFF,OFF,OFF,OFF,OFF,OFF,OFF,OFF,OFF,OFF,OFF,OFF,OFF,OFF,OFF,OFF,OFF,OFF,OFF,OFF,OFF,OFF,OFF,OFF,OFF,OFF,OFF,OFF,OFF,OFF,OFF,OFF,OFF,OFF,OFF,OFF,OFF,OFF,OFF,OFF,OFF,OFF,OFF,OFF,OFF,OFF,OFF,OFF,OFF,OFF,OFF,OFF,OFF,OFF,OFF,OFF,OFF,OFF,OFF,OFF,OFF,OFF
,,,,,,,Preset,cinematic,high,low,medium,veryhigh,cinematic,high,low,medium,veryhigh,cinematic,high,low,medium,veryhigh,cinematic,high,medium,veryhigh,cinematic,high,low,medium,veryhigh,cinematic,high,low,medium,veryhigh,cinematic,high,low,medium,veryhigh,cinematic,high,medium,veryhigh,cinematic,high,low,medium,veryhigh,cinematic,high,low,medium,veryhigh,cinematic,high,low,medium,veryhigh,cinematic,high,medium,veryhigh,cinematic,high,low,medium,veryhigh,cinematic,high,low,medium,veryhigh,cinematic,high,low,medium,veryhigh,cinematic,high,medium,veryhigh,cinematic,high,low,medium,veryhigh,cinematic,high,low,medium,veryhigh,cinematic,high,low,medium,veryhigh,cinematic,high,medium,veryhigh,high,low,medium,high,low,medium,high,low,medium,high,medium,high,low,medium,cinematic,high,low,medium,veryhigh,cinematic,high,low,medium,veryhigh,cinematic,high,medium,veryhigh,high,low,medium,cinematic,high,low,medium,veryhigh,cinematic,high,low,medium,veryhigh,cinematic,high,medium,veryhigh,high,low,medium,cinematic,high,low,medium,veryhigh,cinematic,high,low,medium,veryhigh,cinematic,high,medium,veryhigh,high,low,medium,high,low,medium,high,low,medium,high,medium,high,high,low,low,medium,medium,very high,very high,high,high,low,low,medium,medium,very high,very high,high,highest,low,lowest,medium,high,highest,low,lowest,medium,high,highest,low,lowest,medium,high,highest,low,lowest,medium,high,highest,low,lowest,medium,high,highest,low,lowest,medium,high,highest,low,lowest,medium,high,highest,low,lowest,medium,high,low,medium,ray tracing low,ray tracing medium,ray tracing overdrive,ray tracing ultra,steam deck,ultra,high,low,medium,ray tracing low,ray tracing medium,ray tracing ultra,steam deck,ultra,high,low,medium,ray tracing low,ray tracing medium,ray tracing overdrive,ray tracing ultra,steam deck,ultra,high,low,medium,ray tracing low,ray tracing medium,ray tracing ultra,steam deck,ultra,high,low,medium,ray tracing low,ray tracing medium,ray tracing ultra,steam deck,ultra,high,low,medium,ray tracing low,ray tracing medium,ray tracing ultra,steam deck,ultra,high,low,medium,ray tracing low,ray tracing medium,ray tracing ultra,steam deck,ultra,high,low,medium,ray tracing low,ray tracing medium,ray tracing ultra,steam deck,ultra,high,low,medium,ray tracing low,ray tracing medium,ray tracing overdrive,ray tracing ultra,steam deck,ultra,high,low,medium,ray tracing low,ray tracing medium,ray tracing overdrive,ray tracing ultra,steam deck,ultra,high,low,medium,ray tracing low,ray tracing medium,ray tracing overdrive,ray tracing ultra,steam deck,ultra,high,low,medium,ray tracing low,ray tracing medium,ray tracing ultra,steam deck,ultra,high,low,medium,ray tracing low,ray tracing medium,ray tracing ultra,steam deck,ultra,high,low,medium,ray tracing low,ray tracing medium,ray tracing ultra,steam deck,ultra
,,,,,,,,,,,,,,,,,,,,,,,,,,,,,,,,,,,,,,,,,,,,,,,,,,,,,,,,,,,,,,,,,,,,,,,,,,,,,,,,,,,,,,,,,,,,,,,,,,,,,,,,,,,,,,,,,,,,,,,,,,,,,,,,,,,,,,,,,,,,,,,,,,,,,,,,,,,,,,,,,,,,,,,,,,,,,,,,,,,,,,,,,,,,,,,,,,,,,,,,,,,,,,,,,,,,,,,,,,,,,,,,,,,,,,,,,,,,,,,,,,,,,,,,,,,,,,,,,,,,,,,,,,,,,,,,,,,,,,,,,,,,,,,,,,,,,,,,,,,,,,,,,,,,,,,,,,,,,,,,,,,,,,,,,,,,,,,,,,,,,,,,,,,,
,,,,,,,,,,,,,,,,,,,,,,,,,,,,,,,,,,,,,,,,,,,,,,,,,,,,,,,,,,,,,,,,,,,,,,,,,,,,,,,,,,,,,,,,,,,,,,,,,,,,,,,,,,,,,,,,,,,,,,,,,,,,,,,,,,,,,,,,,,,,,,,,,,,,,,,,,,,,,,,,,,,,,,,,,,,,,,,,,,,,,,,,,,,,,,,,,,,,,,,,,,,,,,,,,,,,,,,,,,,,,,,,,,,,,,,,,,,,,,,,,,,,,,,,,,,,,,,,,,,,,,,,,,,,,,,,,,,,,,,,,,,,,,,,,,,,,,,,,,,,,,,,,,,,,,,,,,,,,,,,,,,,,,,,,,,,,,,,,,,,,,,,,,,,
,,,,,,,,,,,,,,,,,,,,,,,,,,,,,,,,,,,,,,,,,,,,,,,,,,,,,,,,,,,,,,,,,,,,,,,,,,,,,,,,,,,,,,,,,,,,,,,,,,,,,,,,,,,,,,,,,,,,,,,,,,,,,,,,,,,,,,,,,,,,,,,,,,,,,,,,,,,,,,,,,,,,,,,,,,,,,,,,,,,,,,,,,,,,,,,,,,,,,,,,,,,,,,,,,,,,,,,,,,,,,,,,,,,,,,,,,,,,,,,,,,,,,,,,,,,,,,,,,,,,,,,,,,,,,,,,,,,,,,,,,,,,,,,,,,,,,,,,,,,,,,,,,,,,,,,,,,,,,,,,,,,,,,,,,,,,,,,,,,,,,,,,,,,,
,,,,,,,,,,,,,,,,,,,,,,,,,,,,,,,,,,,,,,,,,,,,,,,,,,,,,,,,,,,,,,,,,,,,,,,,,,,,,,,,,,,,,,,,,,,,,,,,,,,,,,,,,,,,,,,,,,,,,,,,,,,,,,,,,,,,,,,,,,,,,,,,,,,,,,,,,,,,,,,,,,,,,,,,,,,,,,,,,,,,,,,,,,,,,,,,,,,,,,,,,,,,,,,,,,,,,,,,,,,,,,,,,,,,,,,,,,,,,,,,,,,,,,,,,,,,,,,,,,,,,,,,,,,,,,,,,,,,,,,,,,,,,,,,,,,,,,,,,,,,,,,,,,,,,,,,,,,,,,,,,,,,,,,,,,,,,,,,,,,,,,,,,,,,
,Intel(R) Core(TM) Ultra 9 290HX Plus,64856 MB,NVIDIA GeForce RTX 5070 Laptop GPU,592.47,,,,48,96,170,130,64,56,72,83,81,63,54,69,81,77,62,41,52,57,46,86,153,242,193,109,100,125,142,138,111,97,120,137,133,108,72,92,101,82,122,215,314,265,155,143,177,199,194,159,139,171,195,188,155,107,131,144,119,157,259,330,311,198,181,222,246,240,200,177,216,240,235,195,136,167,182,151,156,258,330,310,196,181,223,246,240,201,176,215,239,233,196,130,166,183,151,75,125,99,49,56,54,47,54,52,33,36,113,167,138,64,83,94,90,75,60,81,91,88,74,39,58,63,52,152,219,184,91,116,129,126,106,87,113,125,122,101,58,83,89,73,186,256,220,115,145,160,156,133,116,141,155,151,130,66,105,113,96,186,256,220,145,160,156,141,155,151,105,113,352.7(123.7),379.5(158.9),583(207.9),669.6(243.2),478.4(175.2),572(198.6),277.7(97),253(123.6),181(72.5),295.1(95.6),451(179.5),522.5(213.3),355.9(168),358.2(161.6),179.7(67),203.4(88.9),217.7,216.4,235,249.4,228.1,229.4,217.5,244.5,248,234.1,211.5,208.1,238.2,247.6,216.1,237.7,232,242.5,244.6,228.9,191.8,177.7,222.9,236.4,197.7,207.8,196,221.1,243.6,212.6,176.7,163.3,216,232.8,179.7,214.1,217.3,202.2,238.1,226.3,118.8,153.9,140.9,96.4,58.7,25,46.9,142,106,80.1,122.8,95.9,60.6,35.8,28.6,94.2,68.4,151.4,186.7,170.9,125.9,101.2,17.3,78.4,167.1,133,200.8,239.9,223.3,170.7,139.7,123.4,219,178.7,237.6,281.2,262.6,206.1,169.4,149,257.9,213.2,161.2,196,182.2,139.6,115.1,106.7,177.4,146.8,211.8,249.6,236.5,187.3,157.4,146.4,230,193.9,249,290.3,276.7,222.9,190.9,178.9,269.5,231.5,142.1,176.5,159.6,112.8,87.1,27.8,52.6,155.6,118.1,189.2,229.6,210,153.1,120.9,27.7,82.1,206.5,160.1,225,269.4,248.7,186.8,148.8,29.3,84.1,244.4,195.5,192,234.6,222.3,177.8,153.3,141.2,213.5,182.7,248.4,291.4,278.9,230.3,203.1,189.9,270.7,235.6,287,330.9,318.5,270.4,242.4,227.6,309.8,275.6
