Requester,Testing Purpose,Windows Version,Memory Count,Times,Retry Times,SSID,Platform,HW Phase,Test Date,BIOS,CPU,RAM,GPU,Graphics Driver,OGH Version,OGH Profile,OGH Power Mode,OGH Graphics Mode,OGH Booster Optimizer,Note,Game Title,Video Resolution,Super Resolution Mode,Super Resolution Quality,Frame Generation Mode,Frame Generation Quality,Ray Tracing,Graphics Preset,Average FPS(In Game),1% Low Average FPS(In Game),Average FPS(CapFrameX),1% Low Average FPS(CapFrameX),Stuttering(s),Sensor Data - CPU Power(W),Sensor Data - CPU temp('C),Sensor Data - GPU Power(W),Sensor Data - GPU Temp('C)
,,26200.8875,2,1,,8F1C,,,,F.05,Intel(R) Core(TM) Ultra 9 290HX Plus,64856 MB,NVIDIA GeForce RTX 5070 Laptop GPU,592.47,,,,,,,Black Myth: Wukong,2560x1440,dlss,quality,disable,,disable,low,125,,,,,,,,
,,26200.8875,2,1,,8F1C,,,,F.05,Intel(R) Core(TM) Ultra 9 290HX Plus,64856 MB,NVIDIA GeForce RTX 5070 Laptop GPU,592.47,,,,,,,Black Myth: Wukong,2560x1440,dlss,quality,enable,,disable,low,256,,,,,,,,
,,26200.8875,2,1,,8F1C,,,,F.05,Intel(R) Core(TM) Ultra 9 290HX Plus,64856 MB,NVIDIA GeForce RTX 5070 Laptop GPU,592.47,,,,,,,Black Myth: Wukong,2560x1440,dlss,quality,2x,,disable,low,167,,,,,,,,
,,26200.8875,2,1,,8F1C,,,,F.05,Intel(R) Core(TM) Ultra 9 290HX Plus,64856 MB,NVIDIA GeForce RTX 5070 Laptop GPU,592.47,,,,,,,Black Myth: Wukong,2560x1440,dlss,quality,3x,,disable,low,219,,,,,,,,
,,26200.8875,2,1,,8F1C,,,,F.05,Intel(R) Core(TM) Ultra 9 290HX Plus,64856 MB,NVIDIA GeForce RTX 5070 Laptop GPU,592.47,,,,,,,Black Myth: Wukong,2560x1440,dlss,quality,4x,,disable,low,256,,,,,,,,
,,26200.8875,2,1,,8F1C,,,,F.05,Intel(R) Core(TM) Ultra 9 290HX Plus,64856 MB,NVIDIA GeForce RTX 5070 Laptop GPU,592.47,,,,,,,Black Myth: Wukong,2560x1440,dlss,quality,disable,,low,low,56,,,,,,,,
,,26200.8875,2,1,,8F1C,,,,F.05,Intel(R) Core(TM) Ultra 9 290HX Plus,64856 MB,NVIDIA GeForce RTX 5070 Laptop GPU,592.47,,,,,,,Black Myth: Wukong,2560x1440,dlss,quality,enable,,low,low,160,,,,,,,,
,,26200.8875,2,1,,8F1C,,,,F.05,Intel(R) Core(TM) Ultra 9 290HX Plus,64856 MB,NVIDIA GeForce RTX 5070 Laptop GPU,592.47,,,,,,,Black Myth: Wukong,2560x1440,dlss,quality,2x,,low,low,94,,,,,,,,
,,26200.8875,2,1,1,8F1C,,,,F.05,Intel(R) Core(TM) Ultra 9 290HX Plus,64856 MB,NVIDIA GeForce RTX 5070 Laptop GPU,592.47,,,,,,,Black Myth: Wukong,2560x1440,dlss,quality,3x,,low,low,129,,,,,,,,
,,26200.8875,2,1,,8F1C,,,,F.05,Intel(R) Core(TM) Ultra 9 290HX Plus,64856 MB,NVIDIA GeForce RTX 5070 Laptop GPU,592.47,,,,,,,Black Myth: Wukong,2560x1440,dlss,quality,4x,,low,low,160,,,,,,,,
,,26200.8875,2,1,,8F1C,,,,F.05,Intel(R) Core(TM) Ultra 9 290HX Plus,64856 MB,NVIDIA GeForce RTX 5070 Laptop GPU,592.47,,,,,,,Black Myth: Wukong,2560x1440,dlss,quality,disable,,medium,low,54,,,,,,,,
,,26200.8875,2,1,,8F1C,,,,F.05,Intel(R) Core(TM) Ultra 9 290HX Plus,64856 MB,NVIDIA GeForce RTX 5070 Laptop GPU,592.47,,,,,,,Black Myth: Wukong,2560x1440,dlss,quality,enable,,medium,low,155,,,,,,,,
,,26200.8875,2,1,,8F1C,,,,F.05,Intel(R) Core(TM) Ultra 9 290HX Plus,64856 MB,NVIDIA GeForce RTX 5070 Laptop GPU,592.47,,,,,,,Black Myth: Wukong,2560x1440,dlss,quality,2x,,medium,low,91,,,,,,,,
,,26200.8875,2,1,,8F1C,,,,F.05,Intel(R) Core(TM) Ultra 9 290HX Plus,64856 MB,NVIDIA GeForce RTX 5070 Laptop GPU,592.47,,,,,,,Black Myth: Wukong,2560x1440,dlss,quality,3x,,medium,low,125,,,,,,,,
,,26200.8875,2,1,,8F1C,,,,F.05,Intel(R) Core(TM) Ultra 9 290HX Plus,64856 MB,NVIDIA GeForce RTX 5070 Laptop GPU,592.47,,,,,,,Black Myth: Wukong,2560x1440,dlss,quality,4x,,medium,low,155,,,,,,,,
,,26200.8875,2,1,,8F1C,,,,F.05,Intel(R) Core(TM) Ultra 9 290HX Plus,64856 MB,NVIDIA GeForce RTX 5070 Laptop GPU,592.47,,,,,,,Black Myth: Wukong,2560x1440,dlss,quality,disable,,disable,medium,99,,,,,,,,
,,26200.8875,2,1,,8F1C,,,,F.05,Intel(R) Core(TM) Ultra 9 290HX Plus,64856 MB,NVIDIA GeForce RTX 5070 Laptop GPU,592.47,,,,,,,Black Myth: Wukong,2560x1440,dlss,quality,enable,,disable,medium,220,,,,,,,,
,,26200.8875,2,1,,8F1C,,,,F.05,Intel(R) Core(TM) Ultra 9 290HX Plus,64856 MB,NVIDIA GeForce RTX 5070 Laptop GPU,592.47,,,,,,,Black Myth: Wukong,2560x1440,dlss,quality,2x,,disable,medium,138,,,,,,,,
,,26200.8875,2,1,,8F1C,,,,F.05,Intel(R) Core(TM) Ultra 9 290HX Plus,64856 MB,NVIDIA GeForce RTX 5070 Laptop GPU,592.47,,,,,,,Black Myth: Wukong,2560x1440,dlss,quality,3x,,disable,medium,184,,,,,,,,
,,26200.8875,2,1,,8F1C,,,,F.05,Intel(R) Core(TM) Ultra 9 290HX Plus,64856 MB,NVIDIA GeForce RTX 5070 Laptop GPU,592.47,,,,,,,Black Myth: Wukong,2560x1440,dlss,quality,4x,,disable,medium,220,,,,,,,,
,,26200.8875,2,1,,8F1C,,,,F.05,Intel(R) Core(TM) Ultra 9 290HX Plus,64856 MB,NVIDIA GeForce RTX 5070 Laptop GPU,592.47,,,,,,,Black Myth: Wukong,2560x1440,dlss,quality,disable,,low,medium,54,,,,,,,,
,,26200.8875,2,1,,8F1C,,,,F.05,Intel(R) Core(TM) Ultra 9 290HX Plus,64856 MB,NVIDIA GeForce RTX 5070 Laptop GPU,592.47,,,,,,,Black Myth: Wukong,2560x1440,dlss,quality,enable,,low,medium,156,,,,,,,,
,,26200.8875,2,1,,8F1C,,,,F.05,Intel(R) Core(TM) Ultra 9 290HX Plus,64856 MB,NVIDIA GeForce RTX 5070 Laptop GPU,592.47,,,,,,,Black Myth: Wukong,2560x1440,dlss,quality,2x,,low,medium,90,,,,,,,,
,,26200.8875,2,1,,8F1C,,,,F.05,Intel(R) Core(TM) Ultra 9 290HX Plus,64856 MB,NVIDIA GeForce RTX 5070 Laptop GPU,592.47,,,,,,,Black Myth: Wukong,2560x1440,dlss,quality,3x,,low,medium,126,,,,,,,,
,,26200.8875,2,1,,8F1C,,,,F.05,Intel(R) Core(TM) Ultra 9 290HX Plus,64856 MB,NVIDIA GeForce RTX 5070 Laptop GPU,592.47,,,,,,,Black Myth: Wukong,2560x1440,dlss,quality,4x,,low,medium,156,,,,,,,,
,,26200.8875,2,1,,8F1C,,,,F.05,Intel(R) Core(TM) Ultra 9 290HX Plus,64856 MB,NVIDIA GeForce RTX 5070 Laptop GPU,592.47,,,,,,,Black Myth: Wukong,2560x1440,dlss,quality,disable,,medium,medium,52,,,,,,,,
,,26200.8875,2,1,,8F1C,,,,F.05,Intel(R) Core(TM) Ultra 9 290HX Plus,64856 MB,NVIDIA GeForce RTX 5070 Laptop GPU,592.47,,,,,,,Black Myth: Wukong,2560x1440,dlss,quality,enable,,medium,medium,151,,,,,,,,
,,26200.8875,2,1,,8F1C,,,,F.05,Intel(R) Core(TM) Ultra 9 290HX Plus,64856 MB,NVIDIA GeForce RTX 5070 Laptop GPU,592.47,,,,,,,Black Myth: Wukong,2560x1440,dlss,quality,2x,,medium,medium,88,,,,,,,,
,,26200.8875,2,1,,8F1C,,,,F.05,Intel(R) Core(TM) Ultra 9 290HX Plus,64856 MB,NVIDIA GeForce RTX 5070 Laptop GPU,592.47,,,,,,,Black Myth: Wukong,2560x1440,dlss,quality,3x,,medium,medium,122,,,,,,,,
,,26200.8875,2,1,,8F1C,,,,F.05,Intel(R) Core(TM) Ultra 9 290HX Plus,64856 MB,NVIDIA GeForce RTX 5070 Laptop GPU,592.47,,,,,,,Black Myth: Wukong,2560x1440,dlss,quality,4x,,medium,medium,151,,,,,,,,
,,26200.8875,2,1,,8F1C,,,,F.05,Intel(R) Core(TM) Ultra 9 290HX Plus,64856 MB,NVIDIA GeForce RTX 5070 Laptop GPU,592.47,,,,,,,Black Myth: Wukong,2560x1440,dlss,quality,disable,,veryhigh,medium,36,,,,,,,,
,,26200.8875,2,1,,8F1C,,,,F.05,Intel(R) Core(TM) Ultra 9 290HX Plus,64856 MB,NVIDIA GeForce RTX 5070 Laptop GPU,592.47,,,,,,,Black Myth: Wukong,2560x1440,dlss,quality,enable,,veryhigh,medium,113,,,,,,,,
,,26200.8875,2,1,,8F1C,,,,F.05,Intel(R) Core(TM) Ultra 9 290HX Plus,64856 MB,NVIDIA GeForce RTX 5070 Laptop GPU,592.47,,,,,,,Black Myth: Wukong,2560x1440,dlss,quality,2x,,veryhigh,medium,63,,,,,,,,
,,26200.8875,2,1,,8F1C,,,,F.05,Intel(R) Core(TM) Ultra 9 290HX Plus,64856 MB,NVIDIA GeForce RTX 5070 Laptop GPU,592.47,,,,,,,Black Myth: Wukong,2560x1440,dlss,quality,3x,,veryhigh,medium,89,,,,,,,,
,,26200.8875,2,1,,8F1C,,,,F.05,Intel(R) Core(TM) Ultra 9 290HX Plus,64856 MB,NVIDIA GeForce RTX 5070 Laptop GPU,592.47,,,,,,,Black Myth: Wukong,2560x1440,dlss,quality,4x,,veryhigh,medium,113,,,,,,,,
,,26200.8875,2,1,,8F1C,,,,F.05,Intel(R) Core(TM) Ultra 9 290HX Plus,64856 MB,NVIDIA GeForce RTX 5070 Laptop GPU,592.47,,,,,,,Black Myth: Wukong,2560x1440,dlss,quality,disable,,disable,high,75,,,,,,,,
,,26200.8875,2,1,,8F1C,,,,F.05,Intel(R) Core(TM) Ultra 9 290HX Plus,64856 MB,NVIDIA GeForce RTX 5070 Laptop GPU,592.47,,,,,,,Black Myth: Wukong,2560x1440,dlss,quality,enable,,disable,high,186,,,,,,,,
,,26200.8875,2,1,,8F1C,,,,F.05,Intel(R) Core(TM) Ultra 9 290HX Plus,64856 MB,NVIDIA GeForce RTX 5070 Laptop GPU,592.47,,,,,,,Black Myth: Wukong,2560x1440,dlss,quality,2x,,disable,high,113,,,,,,,,
,,26200.8875,2,1,,8F1C,,,,F.05,Intel(R) Core(TM) Ultra 9 290HX Plus,64856 MB,NVIDIA GeForce RTX 5070 Laptop GPU,592.47,,,,,,,Black Myth: Wukong,2560x1440,dlss,quality,3x,,disable,high,152,,,,,,,,
,,26200.8875,2,1,,8F1C,,,,F.05,Intel(R) Core(TM) Ultra 9 290HX Plus,64856 MB,NVIDIA GeForce RTX 5070 Laptop GPU,592.47,,,,,,,Black Myth: Wukong,2560x1440,dlss,quality,4x,,disable,high,186,,,,,,,,
,,26200.8875,2,1,,8F1C,,,,F.05,Intel(R) Core(TM) Ultra 9 290HX Plus,64856 MB,NVIDIA GeForce RTX 5070 Laptop GPU,592.47,,,,,,,Black Myth: Wukong,2560x1440,dlss,quality,disable,,low,high,49,,,,,,,,
,,26200.8875,2,1,,8F1C,,,,F.05,Intel(R) Core(TM) Ultra 9 290HX Plus,64856 MB,NVIDIA GeForce RTX 5070 Laptop GPU,592.47,,,,,,,Black Myth: Wukong,2560x1440,dlss,quality,enable,,low,high,145,,,,,,,,
,,26200.8875,2,1,,8F1C,,,,F.05,Intel(R) Core(TM) Ultra 9 290HX Plus,64856 MB,NVIDIA GeForce RTX 5070 Laptop GPU,592.47,,,,,,,Black Myth: Wukong,2560x1440,dlss,quality,2x,,low,high,83,,,,,,,,
,,26200.8875,2,1,,8F1C,,,,F.05,Intel(R) Core(TM) Ultra 9 290HX Plus,64856 MB,NVIDIA GeForce RTX 5070 Laptop GPU,592.47,,,,,,,Black Myth: Wukong,2560x1440,dlss,quality,3x,,low,high,116,,,,,,,,
,,26200.8875,2,1,,8F1C,,,,F.05,Intel(R) Core(TM) Ultra 9 290HX Plus,64856 MB,NVIDIA GeForce RTX 5070 Laptop GPU,592.47,,,,,,,Black Myth: Wukong,2560x1440,dlss,quality,4x,,low,high,145,,,,,,,,
,,26200.8875,2,1,,8F1C,,,,F.05,Intel(R) Core(TM) Ultra 9 290HX Plus,64856 MB,NVIDIA GeForce RTX 5070 Laptop GPU,592.47,,,,,,,Black Myth: Wukong,2560x1440,dlss,quality,disable,,medium,high,47,,,,,,,,
,,26200.8875,2,1,,8F1C,,,,F.05,Intel(R) Core(TM) Ultra 9 290HX Plus,64856 MB,NVIDIA GeForce RTX 5070 Laptop GPU,592.47,,,,,,,Black Myth: Wukong,2560x1440,dlss,quality,enable,,medium,high,141,,,,,,,,
,,26200.8875,2,1,,8F1C,,,,F.05,Intel(R) Core(TM) Ultra 9 290HX Plus,64856 MB,NVIDIA GeForce RTX 5070 Laptop GPU,592.47,,,,,,,Black Myth: Wukong,2560x1440,dlss,quality,2x,,medium,high,81,,,,,,,,
,,26200.8875,2,1,,8F1C,,,,F.05,Intel(R) Core(TM) Ultra 9 290HX Plus,64856 MB,NVIDIA GeForce RTX 5070 Laptop GPU,592.47,,,,,,,Black Myth: Wukong,2560x1440,dlss,quality,3x,,medium,high,113,,,,,,,,
,,26200.8875,2,1,,8F1C,,,,F.05,Intel(R) Core(TM) Ultra 9 290HX Plus,64856 MB,NVIDIA GeForce RTX 5070 Laptop GPU,592.47,,,,,,,Black Myth: Wukong,2560x1440,dlss,quality,4x,,medium,high,141,,,,,,,,
,,26200.8875,2,1,,8F1C,,,,F.05,Intel(R) Core(TM) Ultra 9 290HX Plus,64856 MB,NVIDIA GeForce RTX 5070 Laptop GPU,592.47,,,,,,,Black Myth: Wukong,2560x1440,dlss,quality,disable,,veryhigh,high,33,,,,,,,,
,,26200.8875,2,1,,8F1C,,,,F.05,Intel(R) Core(TM) Ultra 9 290HX Plus,64856 MB,NVIDIA GeForce RTX 5070 Laptop GPU,592.47,,,,,,,Black Myth: Wukong,2560x1440,dlss,quality,enable,,veryhigh,high,105,,,,,,,,
,,26200.8875,2,1,,8F1C,,,,F.05,Intel(R) Core(TM) Ultra 9 290HX Plus,64856 MB,NVIDIA GeForce RTX 5070 Laptop GPU,592.47,,,,,,,Black Myth: Wukong,2560x1440,dlss,quality,2x,,veryhigh,high,58,,,,,,,,
,,26200.8875,2,1,,8F1C,,,,F.05,Intel(R) Core(TM) Ultra 9 290HX Plus,64856 MB,NVIDIA GeForce RTX 5070 Laptop GPU,592.47,,,,,,,Black Myth: Wukong,2560x1440,dlss,quality,3x,,veryhigh,high,83,,,,,,,,
,,26200.8875,2,1,,8F1C,,,,F.05,Intel(R) Core(TM) Ultra 9 290HX Plus,64856 MB,NVIDIA GeForce RTX 5070 Laptop GPU,592.47,,,,,,,Black Myth: Wukong,2560x1440,dlss,quality,4x,,veryhigh,high,105,,,,,,,,
,,26200.8875,2,1,,8F1C,,,,F.05,Intel(R) Core(TM) Ultra 9 290HX Plus,64856 MB,NVIDIA GeForce RTX 5070 Laptop GPU,592.47,,,,,,,Black Myth: Wukong,2560x1440,dlss,quality,2x,,low,veryhigh,75,,,,,,,,
,,26200.8875,2,1,,8F1C,,,,F.05,Intel(R) Core(TM) Ultra 9 290HX Plus,64856 MB,NVIDIA GeForce RTX 5070 Laptop GPU,592.47,,,,,,,Black Myth: Wukong,2560x1440,dlss,quality,3x,,low,veryhigh,106,,,,,,,,
,,26200.8875,2,1,,8F1C,,,,F.05,Intel(R) Core(TM) Ultra 9 290HX Plus,64856 MB,NVIDIA GeForce RTX 5070 Laptop GPU,592.47,,,,,,,Black Myth: Wukong,2560x1440,dlss,quality,4x,,low,veryhigh,133,,,,,,,,
,,26200.8875,2,1,,8F1C,,,,F.05,Intel(R) Core(TM) Ultra 9 290HX Plus,64856 MB,NVIDIA GeForce RTX 5070 Laptop GPU,592.47,,,,,,,Black Myth: Wukong,2560x1440,dlss,quality,2x,,medium,veryhigh,74,,,,,,,,
,,26200.8875,2,1,,8F1C,,,,F.05,Intel(R) Core(TM) Ultra 9 290HX Plus,64856 MB,NVIDIA GeForce RTX 5070 Laptop GPU,592.47,,,,,,,Black Myth: Wukong,2560x1440,dlss,quality,3x,,medium,veryhigh,101,,,,,,,,
,,26200.8875,2,1,,8F1C,,,,F.05,Intel(R) Core(TM) Ultra 9 290HX Plus,64856 MB,NVIDIA GeForce RTX 5070 Laptop GPU,592.47,,,,,,,Black Myth: Wukong,2560x1440,dlss,quality,4x,,medium,veryhigh,130,,,,,,,,
,,26200.8875,2,1,,8F1C,,,,F.05,Intel(R) Core(TM) Ultra 9 290HX Plus,64856 MB,NVIDIA GeForce RTX 5070 Laptop GPU,592.47,,,,,,,Black Myth: Wukong,2560x1440,dlss,quality,2x,,veryhigh,veryhigh,52,,,,,,,,
,,26200.8875,2,1,,8F1C,,,,F.05,Intel(R) Core(TM) Ultra 9 290HX Plus,64856 MB,NVIDIA GeForce RTX 5070 Laptop GPU,592.47,,,,,,,Black Myth: Wukong,2560x1440,dlss,quality,3x,,veryhigh,veryhigh,73,,,,,,,,
,,26200.8875,2,1,,8F1C,,,,F.05,Intel(R) Core(TM) Ultra 9 290HX Plus,64856 MB,NVIDIA GeForce RTX 5070 Laptop GPU,592.47,,,,,,,Black Myth: Wukong,2560x1440,dlss,quality,4x,,veryhigh,veryhigh,96,,,,,,,,
,,26200.8875,2,1,,8F1C,,,,F.05,Intel(R) Core(TM) Ultra 9 290HX Plus,64856 MB,NVIDIA GeForce RTX 5070 Laptop GPU,592.47,,,,,,,Black Myth: Wukong,2560x1440,dlss,quality,2x,,low,cinematic,64,,,,,,,,
,,26200.8875,2,1,,8F1C,,,,F.05,Intel(R) Core(TM) Ultra 9 290HX Plus,64856 MB,NVIDIA GeForce RTX 5070 Laptop GPU,592.47,,,,,,,Black Myth: Wukong,2560x1440,dlss,quality,3x,,low,cinematic,91,,,,,,,,
,,26200.8875,2,1,,8F1C,,,,F.05,Intel(R) Core(TM) Ultra 9 290HX Plus,64856 MB,NVIDIA GeForce RTX 5070 Laptop GPU,592.47,,,,,,,Black Myth: Wukong,2560x1440,dlss,quality,4x,,low,cinematic,115,,,,,,,,
,,26200.8875,2,1,,8F1C,,,,F.05,Intel(R) Core(TM) Ultra 9 290HX Plus,64856 MB,NVIDIA GeForce RTX 5070 Laptop GPU,592.47,,,,,,,Black Myth: Wukong,2560x1440,dlss,quality,2x,,medium,cinematic,60,,,,,,,,
,,26200.8875,2,1,,8F1C,,,,F.05,Intel(R) Core(TM) Ultra 9 290HX Plus,64856 MB,NVIDIA GeForce RTX 5070 Laptop GPU,592.47,,,,,,,Black Myth: Wukong,2560x1440,dlss,quality,3x,,medium,cinematic,87,,,,,,,,
,,26200.8875,2,1,,8F1C,,,,F.05,Intel(R) Core(TM) Ultra 9 290HX Plus,64856 MB,NVIDIA GeForce RTX 5070 Laptop GPU,592.47,,,,,,,Black Myth: Wukong,2560x1440,dlss,quality,4x,,medium,cinematic,116,,,,,,,,
,,26200.8875,2,1,,8F1C,,,,F.05,Intel(R) Core(TM) Ultra 9 290HX Plus,64856 MB,NVIDIA GeForce RTX 5070 Laptop GPU,592.47,,,,,,,Black Myth: Wukong,2560x1440,dlss,quality,2x,,veryhigh,cinematic,39,,,,,,,,
,,26200.8875,2,1,,8F1C,,,,F.05,Intel(R) Core(TM) Ultra 9 290HX Plus,64856 MB,NVIDIA GeForce RTX 5070 Laptop GPU,592.47,,,,,,,Black Myth: Wukong,2560x1440,dlss,quality,3x,,veryhigh,cinematic,58,,,,,,,,
,,26200.8875,2,1,,8F1C,,,,F.05,Intel(R) Core(TM) Ultra 9 290HX Plus,64856 MB,NVIDIA GeForce RTX 5070 Laptop GPU,592.47,,,,,,,Black Myth: Wukong,2560x1440,dlss,quality,4x,,veryhigh,cinematic,66,,,,,,,,
,,26200.8875,2,1,,8F1C,,,,F.05,Intel(R) Core(TM) Ultra 9 290HX Plus,64856 MB,NVIDIA GeForce RTX 5070 Laptop GPU,592.47,,,,,,,Black Myth: Wukong,1920x1080,dlss,quality,disable,,disable,low,170,,,,,,,,
,,26200.8875,2,1,,8F1C,,,,F.05,Intel(R) Core(TM) Ultra 9 290HX Plus,64856 MB,NVIDIA GeForce RTX 5070 Laptop GPU,592.47,,,,,,,Black Myth: Wukong,1920x1080,dlss,quality,enable,,disable,low,330,,,,,,,,
,,26200.8875,2,1,,8F1C,,,,F.05,Intel(R) Core(TM) Ultra 9 290HX Plus,64856 MB,NVIDIA GeForce RTX 5070 Laptop GPU,592.47,,,,,,,Black Myth: Wukong,1920x1080,dlss,quality,2x,,disable,low,242,,,,,,,,
,,26200.8875,2,1,,8F1C,,,,F.05,Intel(R) Core(TM) Ultra 9 290HX Plus,64856 MB,NVIDIA GeForce RTX 5070 Laptop GPU,592.47,,,,,,,Black Myth: Wukong,1920x1080,dlss,quality,3x,,disable,low,314,,,,,,,,
,,26200.8875,2,1,,8F1C,,,,F.05,Intel(R) Core(TM) Ultra 9 290HX Plus,64856 MB,NVIDIA GeForce RTX 5070 Laptop GPU,592.47,,,,,,,Black Myth: Wukong,1920x1080,dlss,quality,4x,,disable,low,330,,,,,,,,
,,26200.8875,2,1,,8F1C,,,,F.05,Intel(R) Core(TM) Ultra 9 290HX Plus,64856 MB,NVIDIA GeForce RTX 5070 Laptop GPU,592.47,,,,,,,Black Myth: Wukong,1920x1080,dlss,quality,disable,,low,low,83,,,,,,,,
,,26200.8875,2,1,,8F1C,,,,F.05,Intel(R) Core(TM) Ultra 9 290HX Plus,64856 MB,NVIDIA GeForce RTX 5070 Laptop GPU,592.47,,,,,,,Black Myth: Wukong,1920x1080,dlss,quality,enable,,low,low,246,,,,,,,,
,,26200.8875,2,1,,8F1C,,,,F.05,Intel(R) Core(TM) Ultra 9 290HX Plus,64856 MB,NVIDIA GeForce RTX 5070 Laptop GPU,592.47,,,,,,,Black Myth: Wukong,1920x1080,dlss,quality,2x,,low,low,142,,,,,,,,
,,26200.8875,2,1,,8F1C,,,,F.05,Intel(R) Core(TM) Ultra 9 290HX Plus,64856 MB,NVIDIA GeForce RTX 5070 Laptop GPU,592.47,,,,,,,Black Myth: Wukong,1920x1080,dlss,quality,3x,,low,low,199,,,,,,,,
,,26200.8875,2,1,1,8F1C,,,,F.05,Intel(R) Core(TM) Ultra 9 290HX Plus,64856 MB,NVIDIA GeForce RTX 5070 Laptop GPU,592.47,,,,,,,Black Myth: Wukong,1920x1080,dlss,quality,4x,,low,low,246,,,,,,,,
,,26200.8875,2,1,,8F1C,,,,F.05,Intel(R) Core(TM) Ultra 9 290HX Plus,64856 MB,NVIDIA GeForce RTX 5070 Laptop GPU,592.47,,,,,,,Black Myth: Wukong,1920x1080,dlss,quality,disable,,medium,low,81,,,,,,,,
,,26200.8875,2,1,,8F1C,,,,F.05,Intel(R) Core(TM) Ultra 9 290HX Plus,64856 MB,NVIDIA GeForce RTX 5070 Laptop GPU,592.47,,,,,,,Black Myth: Wukong,1920x1080,dlss,quality,enable,,medium,low,239,,,,,,,,
,,26200.8875,2,1,,8F1C,,,,F.05,Intel(R) Core(TM) Ultra 9 290HX Plus,64856 MB,NVIDIA GeForce RTX 5070 Laptop GPU,592.47,,,,,,,Black Myth: Wukong,1920x1080,dlss,quality,2x,,medium,low,137,,,,,,,,
,,26200.8875,2,1,,8F1C,,,,F.05,Intel(R) Core(TM) Ultra 9 290HX Plus,64856 MB,NVIDIA GeForce RTX 5070 Laptop GPU,592.47,,,,,,,Black Myth: Wukong,1920x1080,dlss,quality,3x,,medium,low,195,,,,,,,,
,,26200.8875,2,1,,8F1C,,,,F.05,Intel(R) Core(TM) Ultra 9 290HX Plus,64856 MB,NVIDIA GeForce RTX 5070 Laptop GPU,592.47,,,,,,,Black Myth: Wukong,1920x1080,dlss,quality,4x,,medium,low,240,,,,,,,,
,,26200.8875,2,1,,8F1C,,,,F.05,Intel(R) Core(TM) Ultra 9 290HX Plus,64856 MB,NVIDIA GeForce RTX 5070 Laptop GPU,592.47,,,,,,,Black Myth: Wukong,1920x1080,dlss,quality,disable,,disable,medium,130,,,,,,,,
,,26200.8875,2,1,,8F1C,,,,F.05,Intel(R) Core(TM) Ultra 9 290HX Plus,64856 MB,NVIDIA GeForce RTX 5070 Laptop GPU,592.47,,,,,,,Black Myth: Wukong,1920x1080,dlss,quality,enable,,disable,medium,310,,,,,,,,
,,26200.8875,2,1,,8F1C,,,,F.05,Intel(R) Core(TM) Ultra 9 290HX Plus,64856 MB,NVIDIA GeForce RTX 5070 Laptop GPU,592.47,,,,,,,Black Myth: Wukong,1920x1080,dlss,quality,2x,,disable,medium,193,,,,,,,,
,,26200.8875,2,1,,8F1C,,,,F.05,Intel(R) Core(TM) Ultra 9 290HX Plus,64856 MB,NVIDIA GeForce RTX 5070 Laptop GPU,592.47,,,,,,,Black Myth: Wukong,1920x1080,dlss,quality,3x,,disable,medium,265,,,,,,,,
,,26200.8875,2,1,,8F1C,,,,F.05,Intel(R) Core(TM) Ultra 9 290HX Plus,64856 MB,NVIDIA GeForce RTX 5070 Laptop GPU,592.47,,,,,,,Black Myth: Wukong,1920x1080,dlss,quality,4x,,disable,medium,311,,,,,,,,
,,26200.8875,2,1,,8F1C,,,,F.05,Intel(R) Core(TM) Ultra 9 290HX Plus,64856 MB,NVIDIA GeForce RTX 5070 Laptop GPU,592.47,,,,,,,Black Myth: Wukong,1920x1080,dlss,quality,disable,,low,medium,81,,,,,,,,
,,26200.8875,2,1,,8F1C,,,,F.05,Intel(R) Core(TM) Ultra 9 290HX Plus,64856 MB,NVIDIA GeForce RTX 5070 Laptop GPU,592.47,,,,,,,Black Myth: Wukong,1920x1080,dlss,quality,enable,,low,medium,240,,,,,,,,
,,26200.8875,2,1,,8F1C,,,,F.05,Intel(R) Core(TM) Ultra 9 290HX Plus,64856 MB,NVIDIA GeForce RTX 5070 Laptop GPU,592.47,,,,,,,Black Myth: Wukong,1920x1080,dlss,quality,2x,,low,medium,138,,,,,,,,
,,26200.8875,2,1,,8F1C,,,,F.05,Intel(R) Core(TM) Ultra 9 290HX Plus,64856 MB,NVIDIA GeForce RTX 5070 Laptop GPU,592.47,,,,,,,Black Myth: Wukong,1920x1080,dlss,quality,3x,,low,medium,194,,,,,,,,
,,26200.8875,2,1,,8F1C,,,,F.05,Intel(R) Core(TM) Ultra 9 290HX Plus,64856 MB,NVIDIA GeForce RTX 5070 Laptop GPU,592.47,,,,,,,Black Myth: Wukong,1920x1080,dlss,quality,4x,,low,medium,240,,,,,,,,
,,26200.8875,2,1,,8F1C,,,,F.05,Intel(R) Core(TM) Ultra 9 290HX Plus,64856 MB,NVIDIA GeForce RTX 5070 Laptop GPU,592.47,,,,,,,Black Myth: Wukong,1920x1080,dlss,quality,disable,,medium,medium,77,,,,,,,,
,,26200.8875,2,1,,8F1C,,,,F.05,Intel(R) Core(TM) Ultra 9 290HX Plus,64856 MB,NVIDIA GeForce RTX 5070 Laptop GPU,592.47,,,,,,,Black Myth: Wukong,1920x1080,dlss,quality,enable,,medium,medium,233,,,,,,,,
,,26200.8875,2,1,,8F1C,,,,F.05,Intel(R) Core(TM) Ultra 9 290HX Plus,64856 MB,NVIDIA GeForce RTX 5070 Laptop GPU,592.47,,,,,,,Black Myth: Wukong,1920x1080,dlss,quality,2x,,medium,medium,133,,,,,,,,
,,26200.8875,2,1,,8F1C,,,,F.05,Intel(R) Core(TM) Ultra 9 290HX Plus,64856 MB,NVIDIA GeForce RTX 5070 Laptop GPU,592.47,,,,,,,Black Myth: Wukong,1920x1080,dlss,quality,3x,,medium,medium,188,,,,,,,,
,,26200.8875,2,1,,8F1C,,,,F.05,Intel(R) Core(TM) Ultra 9 290HX Plus,64856 MB,NVIDIA GeForce RTX 5070 Laptop GPU,592.47,,,,,,,Black Myth: Wukong,1920x1080,dlss,quality,4x,,medium,medium,235,,,,,,,,
,,26200.8875,2,1,,8F1C,,,,F.05,Intel(R) Core(TM) Ultra 9 290HX Plus,64856 MB,NVIDIA GeForce RTX 5070 Laptop GPU,592.47,,,,,,,Black Myth: Wukong,1920x1080,dlss,quality,disable,,veryhigh,medium,57,,,,,,,,
,,26200.8875,2,1,,8F1C,,,,F.05,Intel(R) Core(TM) Ultra 9 290HX Plus,64856 MB,NVIDIA GeForce RTX 5070 Laptop GPU,592.47,,,,,,,Black Myth: Wukong,1920x1080,dlss,quality,enable,,veryhigh,medium,183,,,,,,,,
,,26200.8875,2,1,,8F1C,,,,F.05,Intel(R) Core(TM) Ultra 9 290HX Plus,64856 MB,NVIDIA GeForce RTX 5070 Laptop GPU,592.47,,,,,,,Black Myth: Wukong,1920x1080,dlss,quality,2x,,veryhigh,medium,101,,,,,,,,
,,26200.8875,2,1,,8F1C,,,,F.05,Intel(R) Core(TM) Ultra 9 290HX Plus,64856 MB,NVIDIA GeForce RTX 5070 Laptop GPU,592.47,,,,,,,Black Myth: Wukong,1920x1080,dlss,quality,3x,,veryhigh,medium,144,,,,,,,,
,,26200.8875,2,1,,8F1C,,,,F.05,Intel(R) Core(TM) Ultra 9 290HX Plus,64856 MB,NVIDIA GeForce RTX 5070 Laptop GPU,592.47,,,,,,,Black Myth: Wukong,1920x1080,dlss,quality,4x,,veryhigh,medium,182,,,,,,,,
,,26200.8875,2,1,,8F1C,,,,F.05,Intel(R) Core(TM) Ultra 9 290HX Plus,64856 MB,NVIDIA GeForce RTX 5070 Laptop GPU,592.47,,,,,,,Black Myth: Wukong,1920x1080,dlss,quality,disable,,disable,high,96,,,,,,,,
,,26200.8875,2,1,,8F1C,,,,F.05,Intel(R) Core(TM) Ultra 9 290HX Plus,64856 MB,NVIDIA GeForce RTX 5070 Laptop GPU,592.47,,,,,,,Black Myth: Wukong,1920x1080,dlss,quality,enable,,disable,high,258,,,,,,,,
,,26200.8875,2,1,,8F1C,,,,F.05,Intel(R) Core(TM) Ultra 9 290HX Plus,64856 MB,NVIDIA GeForce RTX 5070 Laptop GPU,592.47,,,,,,,Black Myth: Wukong,1920x1080,dlss,quality,2x,,disable,high,153,,,,,,,,
,,26200.8875,2,1,,8F1C,,,,F.05,Intel(R) Core(TM) Ultra 9 290HX Plus,64856 MB,NVIDIA GeForce RTX 5070 Laptop GPU,592.47,,,,,,,Black Myth: Wukong,1920x1080,dlss,quality,3x,,disable,high,215,,,,,,,,
,,26200.8875,2,1,,8F1C,,,,F.05,Intel(R) Core(TM) Ultra 9 290HX Plus,64856 MB,NVIDIA GeForce RTX 5070 Laptop GPU,592.47,,,,,,,Black Myth: Wukong,1920x1080,dlss,quality,4x,,disable,high,259,,,,,,,,
,,26200.8875,2,1,,8F1C,,,,F.05,Intel(R) Core(TM) Ultra 9 290HX Plus,64856 MB,NVIDIA GeForce RTX 5070 Laptop GPU,592.47,,,,,,,Black Myth: Wukong,1920x1080,dlss,quality,disable,,low,high,72,,,,,,,,
,,26200.8875,2,1,,8F1C,,,,F.05,Intel(R) Core(TM) Ultra 9 290HX Plus,64856 MB,NVIDIA GeForce RTX 5070 Laptop GPU,592.47,,,,,,,Black Myth: Wukong,1920x1080,dlss,quality,enable,,low,high,223,,,,,,,,
,,26200.8875,2,1,,8F1C,,,,F.05,Intel(R) Core(TM) Ultra 9 290HX Plus,64856 MB,NVIDIA GeForce RTX 5070 Laptop GPU,592.47,,,,,,,Black Myth: Wukong,1920x1080,dlss,quality,2x,,low,high,125,,,,,,,,
,,26200.8875,2,1,,8F1C,,,,F.05,Intel(R) Core(TM) Ultra 9 290HX Plus,64856 MB,NVIDIA GeForce RTX 5070 Laptop GPU,592.47,,,,,,,Black Myth: Wukong,1920x1080,dlss,quality,3x,,low,high,177,,,,,,,,
,,26200.8875,2,1,,8F1C,,,,F.05,Intel(R) Core(TM) Ultra 9 290HX Plus,64856 MB,NVIDIA GeForce RTX 5070 Laptop GPU,592.47,,,,,,,Black Myth: Wukong,1920x1080,dlss,quality,4x,,low,high,222,,,,,,,,
,,26200.8875,2,1,,8F1C,,,,F.05,Intel(R) Core(TM) Ultra 9 290HX Plus,64856 MB,NVIDIA GeForce RTX 5070 Laptop GPU,592.47,,,,,,,Black Myth: Wukong,1920x1080,dlss,quality,disable,,medium,high,69,,,,,,,,
,,26200.8875,2,1,,8F1C,,,,F.05,Intel(R) Core(TM) Ultra 9 290HX Plus,64856 MB,NVIDIA GeForce RTX 5070 Laptop GPU,592.47,,,,,,,Black Myth: Wukong,1920x1080,dlss,quality,enable,,medium,high,215,,,,,,,,
,,26200.8875,2,1,,8F1C,,,,F.05,Intel(R) Core(TM) Ultra 9 290HX Plus,64856 MB,NVIDIA GeForce RTX 5070 Laptop GPU,592.47,,,,,,,Black Myth: Wukong,1920x1080,dlss,quality,2x,,medium,high,120,,,,,,,,
,,26200.8875,2,1,,8F1C,,,,F.05,Intel(R) Core(TM) Ultra 9 290HX Plus,64856 MB,NVIDIA GeForce RTX 5070 Laptop GPU,592.47,,,,,,,Black Myth: Wukong,1920x1080,dlss,quality,3x,,medium,high,171,,,,,,,,
,,26200.8875,2,1,,8F1C,,,,F.05,Intel(R) Core(TM) Ultra 9 290HX Plus,64856 MB,NVIDIA GeForce RTX 5070 Laptop GPU,592.47,,,,,,,Black Myth: Wukong,1920x1080,dlss,quality,4x,,medium,high,216,,,,,,,,
,,26200.8875,2,1,1,8F1C,,,,F.05,Intel(R) Core(TM) Ultra 9 290HX Plus,64856 MB,NVIDIA GeForce RTX 5070 Laptop GPU,592.47,,,,,,,Black Myth: Wukong,1920x1080,dlss,quality,disable,,veryhigh,high,52,,,,,,,,
,,26200.8875,2,1,,8F1C,,,,F.05,Intel(R) Core(TM) Ultra 9 290HX Plus,64856 MB,NVIDIA GeForce RTX 5070 Laptop GPU,592.47,,,,,,,Black Myth: Wukong,1920x1080,dlss,quality,enable,,veryhigh,high,166,,,,,,,,
,,26200.8875,2,1,,8F1C,,,,F.05,Intel(R) Core(TM) Ultra 9 290HX Plus,64856 MB,NVIDIA GeForce RTX 5070 Laptop GPU,592.47,,,,,,,Black Myth: Wukong,1920x1080,dlss,quality,2x,,veryhigh,high,92,,,,,,,,
,,26200.8875,2,1,,8F1C,,,,F.05,Intel(R) Core(TM) Ultra 9 290HX Plus,64856 MB,NVIDIA GeForce RTX 5070 Laptop GPU,592.47,,,,,,,Black Myth: Wukong,1920x1080,dlss,quality,3x,,veryhigh,high,131,,,,,,,,
,,26200.8875,2,1,,8F1C,,,,F.05,Intel(R) Core(TM) Ultra 9 290HX Plus,64856 MB,NVIDIA GeForce RTX 5070 Laptop GPU,592.47,,,,,,,Black Myth: Wukong,1920x1080,dlss,quality,4x,,veryhigh,high,167,,,,,,,,
,,26200.8875,2,1,,8F1C,,,,F.05,Intel(R) Core(TM) Ultra 9 290HX Plus,64856 MB,NVIDIA GeForce RTX 5070 Laptop GPU,592.47,,,,,,,Black Myth: Wukong,1920x1080,dlss,quality,disable,,disable,veryhigh,64,,,,,,,,
,,26200.8875,2,1,,8F1C,,,,F.05,Intel(R) Core(TM) Ultra 9 290HX Plus,64856 MB,NVIDIA GeForce RTX 5070 Laptop GPU,592.47,,,,,,,Black Myth: Wukong,1920x1080,dlss,quality,enable,,disable,veryhigh,196,,,,,,,,
,,26200.8875,2,1,,8F1C,,,,F.05,Intel(R) Core(TM) Ultra 9 290HX Plus,64856 MB,NVIDIA GeForce RTX 5070 Laptop GPU,592.47,,,,,,,Black Myth: Wukong,1920x1080,dlss,quality,2x,,disable,veryhigh,109,,,,,,,,
,,26200.8875,2,1,,8F1C,,,,F.05,Intel(R) Core(TM) Ultra 9 290HX Plus,64856 MB,NVIDIA GeForce RTX 5070 Laptop GPU,592.47,,,,,,,Black Myth: Wukong,1920x1080,dlss,quality,3x,,disable,veryhigh,155,,,,,,,,
,,26200.8875,2,1,,8F1C,,,,F.05,Intel(R) Core(TM) Ultra 9 290HX Plus,64856 MB,NVIDIA GeForce RTX 5070 Laptop GPU,592.47,,,,,,,Black Myth: Wukong,1920x1080,dlss,quality,4x,,disable,veryhigh,198,,,,,,,,
,,26200.8875,2,1,,8F1C,,,,F.05,Intel(R) Core(TM) Ultra 9 290HX Plus,64856 MB,NVIDIA GeForce RTX 5070 Laptop GPU,592.47,,,,,,,Black Myth: Wukong,1920x1080,dlss,quality,disable,,low,veryhigh,63,,,,,,,,
,,26200.8875,2,1,,8F1C,,,,F.05,Intel(R) Core(TM) Ultra 9 290HX Plus,64856 MB,NVIDIA GeForce RTX 5070 Laptop GPU,592.47,,,,,,,Black Myth: Wukong,1920x1080,dlss,quality,enable,,low,veryhigh,201,,,,,,,,
,,26200.8875,2,1,,8F1C,,,,F.05,Intel(R) Core(TM) Ultra 9 290HX Plus,64856 MB,NVIDIA GeForce RTX 5070 Laptop GPU,592.47,,,,,,,Black Myth: Wukong,1920x1080,dlss,quality,2x,,low,veryhigh,111,,,,,,,,
,,26200.8875,2,1,,8F1C,,,,F.05,Intel(R) Core(TM) Ultra 9 290HX Plus,64856 MB,NVIDIA GeForce RTX 5070 Laptop GPU,592.47,,,,,,,Black Myth: Wukong,1920x1080,dlss,quality,3x,,low,veryhigh,159,,,,,,,,
,,26200.8875,2,1,,8F1C,,,,F.05,Intel(R) Core(TM) Ultra 9 290HX Plus,64856 MB,NVIDIA GeForce RTX 5070 Laptop GPU,592.47,,,,,,,Black Myth: Wukong,1920x1080,dlss,quality,4x,,low,veryhigh,200,,,,,,,,
,,26200.8875,2,1,,8F1C,,,,F.05,Intel(R) Core(TM) Ultra 9 290HX Plus,64856 MB,NVIDIA GeForce RTX 5070 Laptop GPU,592.47,,,,,,,Black Myth: Wukong,1920x1080,dlss,quality,disable,,medium,veryhigh,62,,,,,,,,
,,26200.8875,2,1,,8F1C,,,,F.05,Intel(R) Core(TM) Ultra 9 290HX Plus,64856 MB,NVIDIA GeForce RTX 5070 Laptop GPU,592.47,,,,,,,Black Myth: Wukong,1920x1080,dlss,quality,enable,,medium,veryhigh,196,,,,,,,,
,,26200.8875,2,1,,8F1C,,,,F.05,Intel(R) Core(TM) Ultra 9 290HX Plus,64856 MB,NVIDIA GeForce RTX 5070 Laptop GPU,592.47,,,,,,,Black Myth: Wukong,1920x1080,dlss,quality,2x,,medium,veryhigh,108,,,,,,,,
,,26200.8875,2,1,,8F1C,,,,F.05,Intel(R) Core(TM) Ultra 9 290HX Plus,64856 MB,NVIDIA GeForce RTX 5070 Laptop GPU,592.47,,,,,,,Black Myth: Wukong,1920x1080,dlss,quality,3x,,medium,veryhigh,155,,,,,,,,
,,26200.8875,2,1,,8F1C,,,,F.05,Intel(R) Core(TM) Ultra 9 290HX Plus,64856 MB,NVIDIA GeForce RTX 5070 Laptop GPU,592.47,,,,,,,Black Myth: Wukong,1920x1080,dlss,quality,4x,,medium,veryhigh,195,,,,,,,,
,,26200.8875,2,1,,8F1C,,,,F.05,Intel(R) Core(TM) Ultra 9 290HX Plus,64856 MB,NVIDIA GeForce RTX 5070 Laptop GPU,592.47,,,,,,,Black Myth: Wukong,1920x1080,dlss,quality,disable,,veryhigh,veryhigh,46,,,,,,,,
,,26200.8875,2,1,,8F1C,,,,F.05,Intel(R) Core(TM) Ultra 9 290HX Plus,64856 MB,NVIDIA GeForce RTX 5070 Laptop GPU,592.47,,,,,,,Black Myth: Wukong,1920x1080,dlss,quality,enable,,veryhigh,veryhigh,151,,,,,,,,
,,26200.8875,2,1,,8F1C,,,,F.05,Intel(R) Core(TM) Ultra 9 290HX Plus,64856 MB,NVIDIA GeForce RTX 5070 Laptop GPU,592.47,,,,,,,Black Myth: Wukong,1920x1080,dlss,quality,2x,,veryhigh,veryhigh,82,,,,,,,,
,,26200.8875,2,1,,8F1C,,,,F.05,Intel(R) Core(TM) Ultra 9 290HX Plus,64856 MB,NVIDIA GeForce RTX 5070 Laptop GPU,592.47,,,,,,,Black Myth: Wukong,1920x1080,dlss,quality,3x,,veryhigh,veryhigh,119,,,,,,,,
,,26200.8875,2,1,,8F1C,,,,F.05,Intel(R) Core(TM) Ultra 9 290HX Plus,64856 MB,NVIDIA GeForce RTX 5070 Laptop GPU,592.47,,,,,,,Black Myth: Wukong,1920x1080,dlss,quality,4x,,veryhigh,veryhigh,151,,,,,,,,
,,26200.8875,2,1,,8F1C,,,,F.05,Intel(R) Core(TM) Ultra 9 290HX Plus,64856 MB,NVIDIA GeForce RTX 5070 Laptop GPU,592.47,,,,,,,Black Myth: Wukong,1920x1080,dlss,quality,disable,,disable,cinematic,48,,,,,,,,
,,26200.8875,2,1,,8F1C,,,,F.05,Intel(R) Core(TM) Ultra 9 290HX Plus,64856 MB,NVIDIA GeForce RTX 5070 Laptop GPU,592.47,,,,,,,Black Myth: Wukong,1920x1080,dlss,quality,enable,,disable,cinematic,156,,,,,,,,
,,26200.8875,2,1,,8F1C,,,,F.05,Intel(R) Core(TM) Ultra 9 290HX Plus,64856 MB,NVIDIA GeForce RTX 5070 Laptop GPU,592.47,,,,,,,Black Myth: Wukong,1920x1080,dlss,quality,2x,,disable,cinematic,86,,,,,,,,
,,26200.8875,2,1,,8F1C,,,,F.05,Intel(R) Core(TM) Ultra 9 290HX Plus,64856 MB,NVIDIA GeForce RTX 5070 Laptop GPU,592.47,,,,,,,Black Myth: Wukong,1920x1080,dlss,quality,3x,,disable,cinematic,122,,,,,,,,
,,26200.8875,2,1,,8F1C,,,,F.05,Intel(R) Core(TM) Ultra 9 290HX Plus,64856 MB,NVIDIA GeForce RTX 5070 Laptop GPU,592.47,,,,,,,Black Myth: Wukong,1920x1080,dlss,quality,4x,,disable,cinematic,157,,,,,,,,
,,26200.8875,2,1,,8F1C,,,,F.05,Intel(R) Core(TM) Ultra 9 290HX Plus,64856 MB,NVIDIA GeForce RTX 5070 Laptop GPU,592.47,,,,,,,Black Myth: Wukong,1920x1080,dlss,quality,disable,,low,cinematic,56,,,,,,,,
,,26200.8875,2,1,,8F1C,,,,F.05,Intel(R) Core(TM) Ultra 9 290HX Plus,64856 MB,NVIDIA GeForce RTX 5070 Laptop GPU,592.47,,,,,,,Black Myth: Wukong,1920x1080,dlss,quality,enable,,low,cinematic,181,,,,,,,,
,,26200.8875,2,1,,8F1C,,,,F.05,Intel(R) Core(TM) Ultra 9 290HX Plus,64856 MB,NVIDIA GeForce RTX 5070 Laptop GPU,592.47,,,,,,,Black Myth: Wukong,1920x1080,dlss,quality,2x,,low,cinematic,100,,,,,,,,
,,26200.8875,2,1,,8F1C,,,,F.05,Intel(R) Core(TM) Ultra 9 290HX Plus,64856 MB,NVIDIA GeForce RTX 5070 Laptop GPU,592.47,,,,,,,Black Myth: Wukong,1920x1080,dlss,quality,3x,,low,cinematic,143,,,,,,,,
,,26200.8875,2,1,,8F1C,,,,F.05,Intel(R) Core(TM) Ultra 9 290HX Plus,64856 MB,NVIDIA GeForce RTX 5070 Laptop GPU,592.47,,,,,,,Black Myth: Wukong,1920x1080,dlss,quality,4x,,low,cinematic,181,,,,,,,,
,,26200.8875,2,1,,8F1C,,,,F.05,Intel(R) Core(TM) Ultra 9 290HX Plus,64856 MB,NVIDIA GeForce RTX 5070 Laptop GPU,592.47,,,,,,,Black Myth: Wukong,1920x1080,dlss,quality,disable,,medium,cinematic,54,,,,,,,,
,,26200.8875,2,1,,8F1C,,,,F.05,Intel(R) Core(TM) Ultra 9 290HX Plus,64856 MB,NVIDIA GeForce RTX 5070 Laptop GPU,592.47,,,,,,,Black Myth: Wukong,1920x1080,dlss,quality,enable,,medium,cinematic,176,,,,,,,,
,,26200.8875,2,1,,8F1C,,,,F.05,Intel(R) Core(TM) Ultra 9 290HX Plus,64856 MB,NVIDIA GeForce RTX 5070 Laptop GPU,592.47,,,,,,,Black Myth: Wukong,1920x1080,dlss,quality,2x,,medium,cinematic,97,,,,,,,,
,,26200.8875,2,1,,8F1C,,,,F.05,Intel(R) Core(TM) Ultra 9 290HX Plus,64856 MB,NVIDIA GeForce RTX 5070 Laptop GPU,592.47,,,,,,,Black Myth: Wukong,1920x1080,dlss,quality,3x,,medium,cinematic,139,,,,,,,,
,,26200.8875,2,1,,8F1C,,,,F.05,Intel(R) Core(TM) Ultra 9 290HX Plus,64856 MB,NVIDIA GeForce RTX 5070 Laptop GPU,592.47,,,,,,,Black Myth: Wukong,1920x1080,dlss,quality,4x,,medium,cinematic,177,,,,,,,,
,,26200.8875,2,1,,8F1C,,,,F.05,Intel(R) Core(TM) Ultra 9 290HX Plus,64856 MB,NVIDIA GeForce RTX 5070 Laptop GPU,592.47,,,,,,,Black Myth: Wukong,1920x1080,dlss,quality,disable,,veryhigh,cinematic,41,,,,,,,,
,,26200.8875,2,1,1,8F1C,,,,F.05,Intel(R) Core(TM) Ultra 9 290HX Plus,64856 MB,NVIDIA GeForce RTX 5070 Laptop GPU,592.47,,,,,,,Black Myth: Wukong,1920x1080,dlss,quality,enable,,veryhigh,cinematic,130,,,,,,,,
,,26200.8875,2,1,,8F1C,,,,F.05,Intel(R) Core(TM) Ultra 9 290HX Plus,64856 MB,NVIDIA GeForce RTX 5070 Laptop GPU,592.47,,,,,,,Black Myth: Wukong,1920x1080,dlss,quality,2x,,veryhigh,cinematic,72,,,,,,,,
,,26200.8875,2,1,,8F1C,,,,F.05,Intel(R) Core(TM) Ultra 9 290HX Plus,64856 MB,NVIDIA GeForce RTX 5070 Laptop GPU,592.47,,,,,,,Black Myth: Wukong,1920x1080,dlss,quality,3x,,veryhigh,cinematic,107,,,,,,,,
,,26200.8875,2,1,,8F1C,,,,F.05,Intel(R) Core(TM) Ultra 9 290HX Plus,64856 MB,NVIDIA GeForce RTX 5070 Laptop GPU,592.47,,,,,,,Black Myth: Wukong,1920x1080,dlss,quality,4x,,veryhigh,cinematic,136,,,,,,,,
,,26200.8875,2,1,,8F1C,,,,F.05,Intel(R) Core(TM) Ultra 9 290HX Plus,64856 MB,NVIDIA GeForce RTX 5070 Laptop GPU,592.47,,,,,,,Counter-Strike 2,2560x1440,,,,,,low,451,179.5,,,,,,,
,,26200.8875,2,1,,8F1C,,,,F.05,Intel(R) Core(TM) Ultra 9 290HX Plus,64856 MB,NVIDIA GeForce RTX 5070 Laptop GPU,592.47,,,,,,,Counter-Strike 2,2560x1440,,,,,,low,522.5,213.3,,,,,,,
,,26200.8875,2,1,,8F1C,,,,F.05,Intel(R) Core(TM) Ultra 9 290HX Plus,64856 MB,NVIDIA GeForce RTX 5070 Laptop GPU,592.47,,,,,,,Counter-Strike 2,2560x1440,,,,,,medium,355.9,168,,,,,,,
,,26200.8875,2,1,,8F1C,,,,F.05,Intel(R) Core(TM) Ultra 9 290HX Plus,64856 MB,NVIDIA GeForce RTX 5070 Laptop GPU,592.47,,,,,,,Counter-Strike 2,2560x1440,,,,,,medium,358.2,161.6,,,,,,,
,,26200.8875,2,1,,8F1C,,,,F.05,Intel(R) Core(TM) Ultra 9 290HX Plus,64856 MB,NVIDIA GeForce RTX 5070 Laptop GPU,592.47,,,,,,,Counter-Strike 2,2560x1440,,,,,,high,181,72.5,,,,,,,
,,26200.8875,2,1,,8F1C,,,,F.05,Intel(R) Core(TM) Ultra 9 290HX Plus,64856 MB,NVIDIA GeForce RTX 5070 Laptop GPU,592.47,,,,,,,Counter-Strike 2,2560x1440,,,,,,high,295.1,95.6,,,,,,,
,,26200.8875,2,1,,8F1C,,,,F.05,Intel(R) Core(TM) Ultra 9 290HX Plus,64856 MB,NVIDIA GeForce RTX 5070 Laptop GPU,592.47,,,,,,,Counter-Strike 2,2560x1440,,,,,,very_high,179.7,67,,,,,,,
,,26200.8875,2,1,,8F1C,,,,F.05,Intel(R) Core(TM) Ultra 9 290HX Plus,64856 MB,NVIDIA GeForce RTX 5070 Laptop GPU,592.47,,,,,,,Counter-Strike 2,2560x1440,,,,,,very_high,203.4,88.9,,,,,,,
,,26200.8875,2,1,,8F1C,,,,F.05,Intel(R) Core(TM) Ultra 9 290HX Plus,64856 MB,NVIDIA GeForce RTX 5070 Laptop GPU,592.47,,,,,,,Counter-Strike 2,1920x1080,,,,,,low,583,207.9,,,,,,,
,,26200.8875,2,1,,8F1C,,,,F.05,Intel(R) Core(TM) Ultra 9 290HX Plus,64856 MB,NVIDIA GeForce RTX 5070 Laptop GPU,592.47,,,,,,,Counter-Strike 2,1920x1080,,,,,,low,669.6,243.2,,,,,,,
,,26200.8875,2,1,,8F1C,,,,F.05,Intel(R) Core(TM) Ultra 9 290HX Plus,64856 MB,NVIDIA GeForce RTX 5070 Laptop GPU,592.47,,,,,,,Counter-Strike 2,1920x1080,,,,,,medium,478.4,175.2,,,,,,,
,,26200.8875,2,1,,8F1C,,,,F.05,Intel(R) Core(TM) Ultra 9 290HX Plus,64856 MB,NVIDIA GeForce RTX 5070 Laptop GPU,592.47,,,,,,,Counter-Strike 2,1920x1080,,,,,,medium,572,198.6,,,,,,,
,,26200.8875,2,1,,8F1C,,,,F.05,Intel(R) Core(TM) Ultra 9 290HX Plus,64856 MB,NVIDIA GeForce RTX 5070 Laptop GPU,592.47,,,,,,,Counter-Strike 2,1920x1080,,,,,,high,352.7,123.7,,,,,,,
,,26200.8875,2,1,,8F1C,,,,F.05,Intel(R) Core(TM) Ultra 9 290HX Plus,64856 MB,NVIDIA GeForce RTX 5070 Laptop GPU,592.47,,,,,,,Counter-Strike 2,1920x1080,,,,,,high,379.5,158.9,,,,,,,
,,26200.8875,2,1,,8F1C,,,,F.05,Intel(R) Core(TM) Ultra 9 290HX Plus,64856 MB,NVIDIA GeForce RTX 5070 Laptop GPU,592.47,,,,,,,Counter-Strike 2,1920x1080,,,,,,very_high,277.7,97,,,,,,,
,,26200.8875,2,1,,8F1C,,,,F.05,Intel(R) Core(TM) Ultra 9 290HX Plus,64856 MB,NVIDIA GeForce RTX 5070 Laptop GPU,592.47,,,,,,,Counter-Strike 2,1920x1080,,,,,,very_high,253,123.6,,,,,,,
,,26200.8875,2,1,1,8F1C,,,,F.01,Intel(R) Core(TM) Ultra 9 290HX Plus,64856 MB,NVIDIA GeForce RTX 5070 Laptop GPU,592.47,,,,,,,Shadow of the Tomb Raider,2560x1440,dlss,quality,,,,lowest,232.8,,,,,,,,
,,26200.8875,2,1,,8F1C,,,,F.01,Intel(R) Core(TM) Ultra 9 290HX Plus,64856 MB,NVIDIA GeForce RTX 5070 Laptop GPU,592.47,,,,,,,Shadow of the Tomb Raider,2560x1440,dlss,balanced,,,,lowest,236.4,,,,,,,,
,,26200.8875,2,1,,8F1C,,,,F.01,Intel(R) Core(TM) Ultra 9 290HX Plus,64856 MB,NVIDIA GeForce RTX 5070 Laptop GPU,592.47,,,,,,,Shadow of the Tomb Raider,2560x1440,dlss,performance,,,,lowest,243.6,,,,,,,,
,,26200.8875,2,1,,8F1C,,,,F.01,Intel(R) Core(TM) Ultra 9 290HX Plus,64856 MB,NVIDIA GeForce RTX 5070 Laptop GPU,592.47,,,,,,,Shadow of the Tomb Raider,2560x1440,dlss,ultra_performance,,,,lowest,238.1,,,,,,,,
,,26200.8875,2,1,,8F1C,,,,F.01,Intel(R) Core(TM) Ultra 9 290HX Plus,64856 MB,NVIDIA GeForce RTX 5070 Laptop GPU,592.47,,,,,,,Shadow of the Tomb Raider,2560x1440,dlss,quality,,,,low,216,,,,,,,,
,,26200.8875,2,1,,8F1C,,,,F.01,Intel(R) Core(TM) Ultra 9 290HX Plus,64856 MB,NVIDIA GeForce RTX 5070 Laptop GPU,592.47,,,,,,,Shadow of the Tomb Raider,2560x1440,dlss,balanced,,,,low,222.9,,,,,,,,
,,26200.8875,2,1,,8F1C,,,,F.01,Intel(R) Core(TM) Ultra 9 290HX Plus,64856 MB,NVIDIA GeForce RTX 5070 Laptop GPU,592.47,,,,,,,Shadow of the Tomb Raider,2560x1440,dlss,performance,,,,low,221.1,,,,,,,,
,,26200.8875,2,1,,8F1C,,,,F.01,Intel(R) Core(TM) Ultra 9 290HX Plus,64856 MB,NVIDIA GeForce RTX 5070 Laptop GPU,592.47,,,,,,,Shadow of the Tomb Raider,2560x1440,dlss,ultra_performance,,,,low,202.2,,,,,,,,
,,26200.8875,2,1,,8F1C,,,,F.01,Intel(R) Core(TM) Ultra 9 290HX Plus,64856 MB,NVIDIA GeForce RTX 5070 Laptop GPU,592.47,,,,,,,Shadow of the Tomb Raider,2560x1440,dlss,quality,,,,medium,179.7,,,,,,,,
,,26200.8875,2,1,,8F1C,,,,F.01,Intel(R) Core(TM) Ultra 9 290HX Plus,64856 MB,NVIDIA GeForce RTX 5070 Laptop GPU,592.47,,,,,,,Shadow of the Tomb Raider,2560x1440,dlss,balanced,,,,medium,197.7,,,,,,,,
,,26200.8875,2,1,,8F1C,,,,F.01,Intel(R) Core(TM) Ultra 9 290HX Plus,64856 MB,NVIDIA GeForce RTX 5070 Laptop GPU,592.47,,,,,,,Shadow of the Tomb Raider,2560x1440,dlss,performance,,,,medium,212.6,,,,,,,,
,,26200.8875,2,1,,8F1C,,,,F.01,Intel(R) Core(TM) Ultra 9 290HX Plus,64856 MB,NVIDIA GeForce RTX 5070 Laptop GPU,592.47,,,,,,,Shadow of the Tomb Raider,2560x1440,dlss,ultra_performance,,,,medium,226.3,,,,,,,,
,,26200.8875,2,1,,8F1C,,,,F.01,Intel(R) Core(TM) Ultra 9 290HX Plus,64856 MB,NVIDIA GeForce RTX 5070 Laptop GPU,592.47,,,,,,,Shadow of the Tomb Raider,2560x1440,dlss,quality,,,,high,176.7,,,,,,,,
,,26200.8875,2,1,,8F1C,,,,F.01,Intel(R) Core(TM) Ultra 9 290HX Plus,64856 MB,NVIDIA GeForce RTX 5070 Laptop GPU,592.47,,,,,,,Shadow of the Tomb Raider,2560x1440,dlss,balanced,,,,high,191.8,,,,,,,,
,,26200.8875,2,1,,8F1C,,,,F.01,Intel(R) Core(TM) Ultra 9 290HX Plus,64856 MB,NVIDIA GeForce RTX 5070 Laptop GPU,592.47,,,,,,,Shadow of the Tomb Raider,2560x1440,dlss,performance,,,,high,207.8,,,,,,,,
,,26200.8875,2,1,,8F1C,,,,F.01,Intel(R) Core(TM) Ultra 9 290HX Plus,64856 MB,NVIDIA GeForce RTX 5070 Laptop GPU,592.47,,,,,,,Shadow of the Tomb Raider,2560x1440,dlss,ultra_performance,,,,high,214.1,,,,,,,,
,,26200.8875,2,1,,8F1C,,,,F.01,Intel(R) Core(TM) Ultra 9 290HX Plus,64856 MB,NVIDIA GeForce RTX 5070 Laptop GPU,592.47,,,,,,,Shadow of the Tomb Raider,2560x1440,dlss,quality,,,,highest,163.3,,,,,,,,
,,26200.8875,2,1,,8F1C,,,,F.01,Intel(R) Core(TM) Ultra 9 290HX Plus,64856 MB,NVIDIA GeForce RTX 5070 Laptop GPU,592.47,,,,,,,Shadow of the Tomb Raider,2560x1440,dlss,balanced,,,,highest,177.7,,,,,,,,
,,26200.8875,2,1,,8F1C,,,,F.01,Intel(R) Core(TM) Ultra 9 290HX Plus,64856 MB,NVIDIA GeForce RTX 5070 Laptop GPU,592.47,,,,,,,Shadow of the Tomb Raider,2560x1440,dlss,performance,,,,highest,196,,,,,,,,
,,26200.8875,2,1,,8F1C,,,,F.01,Intel(R) Core(TM) Ultra 9 290HX Plus,64856 MB,NVIDIA GeForce RTX 5070 Laptop GPU,592.47,,,,,,,Shadow of the Tomb Raider,2560x1440,dlss,ultra_performance,,,,highest,217.3,,,,,,,,
,,26200.8875,2,1,,8F1C,,,,F.01,Intel(R) Core(TM) Ultra 9 290HX Plus,64856 MB,NVIDIA GeForce RTX 5070 Laptop GPU,592.47,,,,,,,Shadow of the Tomb Raider,1920x1080,dlss,quality,,,,lowest,247.6,,,,,,,,
,,26200.8875,2,1,,8F1C,,,,F.01,Intel(R) Core(TM) Ultra 9 290HX Plus,64856 MB,NVIDIA GeForce RTX 5070 Laptop GPU,592.47,,,,,,,Shadow of the Tomb Raider,1920x1080,dlss,balanced,,,,lowest,249.4,,,,,,,,
,,26200.8875,2,1,,8F1C,,,,F.01,Intel(R) Core(TM) Ultra 9 290HX Plus,64856 MB,NVIDIA GeForce RTX 5070 Laptop GPU,592.47,,,,,,,Shadow of the Tomb Raider,1920x1080,dlss,performance,,,,lowest,248,,,,,,,,
,,26200.8875,2,1,,8F1C,,,,F.01,Intel(R) Core(TM) Ultra 9 290HX Plus,64856 MB,NVIDIA GeForce RTX 5070 Laptop GPU,592.47,,,,,,,Shadow of the Tomb Raider,1920x1080,dlss,ultra_performance,,,,lowest,244.6,,,,,,,,
,,26200.8875,2,1,,8F1C,,,,F.05,Intel(R) Core(TM) Ultra 9 290HX Plus,64856 MB,NVIDIA GeForce RTX 5070 Laptop GPU,592.47,,,,,,,Shadow of the Tomb Raider,1920x1080,dlss,quality,,,,low,238.2,,,,,,,,
,,26200.8875,2,1,,8F1C,,,,F.05,Intel(R) Core(TM) Ultra 9 290HX Plus,64856 MB,NVIDIA GeForce RTX 5070 Laptop GPU,592.47,,,,,,,Shadow of the Tomb Raider,1920x1080,dlss,balanced,,,,low,235,,,,,,,,
,,26200.8875,2,1,,8F1C,,,,F.05,Intel(R) Core(TM) Ultra 9 290HX Plus,64856 MB,NVIDIA GeForce RTX 5070 Laptop GPU,592.47,,,,,,,Shadow of the Tomb Raider,1920x1080,dlss,performance,,,,low,244.5,,,,,,,,
,,26200.8875,2,1,,8F1C,,,,F.05,Intel(R) Core(TM) Ultra 9 290HX Plus,64856 MB,NVIDIA GeForce RTX 5070 Laptop GPU,592.47,,,,,,,Shadow of the Tomb Raider,1920x1080,dlss,ultra_performance,,,,low,242.5,,,,,,,,
,,26200.8875,2,1,,8F1C,,,,F.05,Intel(R) Core(TM) Ultra 9 290HX Plus,64856 MB,NVIDIA GeForce RTX 5070 Laptop GPU,592.47,,,,,,,Shadow of the Tomb Raider,1920x1080,dlss,quality,,,,medium,216.1,,,,,,,,
,,26200.8875,2,1,,8F1C,,,,F.05,Intel(R) Core(TM) Ultra 9 290HX Plus,64856 MB,NVIDIA GeForce RTX 5070 Laptop GPU,592.47,,,,,,,Shadow of the Tomb Raider,1920x1080,dlss,balanced,,,,medium,228.1,,,,,,,,
,,26200.8875,2,1,,8F1C,,,,F.05,Intel(R) Core(TM) Ultra 9 290HX Plus,64856 MB,NVIDIA GeForce RTX 5070 Laptop GPU,592.47,,,,,,,Shadow of the Tomb Raider,1920x1080,dlss,performance,,,,medium,234.1,,,,,,,,
,,26200.8875,2,1,,8F1C,,,,F.05,Intel(R) Core(TM) Ultra 9 290HX Plus,64856 MB,NVIDIA GeForce RTX 5070 Laptop GPU,592.47,,,,,,,Shadow of the Tomb Raider,1920x1080,dlss,ultra_performance,,,,medium,228.9,,,,,,,,
,,26200.8875,2,1,,8F1C,,,,F.05,Intel(R) Core(TM) Ultra 9 290HX Plus,64856 MB,NVIDIA GeForce RTX 5070 Laptop GPU,592.47,,,,,,,Shadow of the Tomb Raider,1920x1080,dlss,quality,,,,high,211.5,,,,,,,,
,,26200.8875,2,1,,8F1C,,,,F.05,Intel(R) Core(TM) Ultra 9 290HX Plus,64856 MB,NVIDIA GeForce RTX 5070 Laptop GPU,592.47,,,,,,,Shadow of the Tomb Raider,1920x1080,dlss,balanced,,,,high,217.7,,,,,,,,
,,26200.8875,2,1,,8F1C,,,,F.05,Intel(R) Core(TM) Ultra 9 290HX Plus,64856 MB,NVIDIA GeForce RTX 5070 Laptop GPU,592.47,,,,,,,Shadow of the Tomb Raider,1920x1080,dlss,performance,,,,high,229.4,,,,,,,,
,,26200.8875,2,1,,8F1C,,,,F.05,Intel(R) Core(TM) Ultra 9 290HX Plus,64856 MB,NVIDIA GeForce RTX 5070 Laptop GPU,592.47,,,,,,,Shadow of the Tomb Raider,1920x1080,dlss,ultra_performance,,,,high,237.7,,,,,,,,
,,26200.8875,2,1,,8F1C,,,,F.05,Intel(R) Core(TM) Ultra 9 290HX Plus,64856 MB,NVIDIA GeForce RTX 5070 Laptop GPU,592.47,,,,,,,Shadow of the Tomb Raider,1920x1080,dlss,quality,,,,highest,208.1,,,,,,,,
,,26200.8875,2,1,,8F1C,,,,F.05,Intel(R) Core(TM) Ultra 9 290HX Plus,64856 MB,NVIDIA GeForce RTX 5070 Laptop GPU,592.47,,,,,,,Shadow of the Tomb Raider,1920x1080,dlss,balanced,,,,highest,216.4,,,,,,,,
,,26200.8875,2,1,,8F1C,,,,F.05,Intel(R) Core(TM) Ultra 9 290HX Plus,64856 MB,NVIDIA GeForce RTX 5070 Laptop GPU,592.47,,,,,,,Shadow of the Tomb Raider,1920x1080,dlss,performance,,,,highest,217.5,,,,,,,,
,,26200.8875,2,1,,8F1C,,,,F.05,Intel(R) Core(TM) Ultra 9 290HX Plus,64856 MB,NVIDIA GeForce RTX 5070 Laptop GPU,592.47,,,,,,,Shadow of the Tomb Raider,1920x1080,dlss,ultra_performance,,,,highest,232,,,,,,,,
,,26200.8875,2,1,,8F1C,,,,F.05,Intel(R) Core(TM) Ultra 9 290HX Plus,64856 MB,NVIDIA GeForce RTX 5070 Laptop GPU,592.47,,,,,,,Cyberpunk 2077,2560x1440,disable,,disable,,,low,122.8,,,,,,,,
,,26200.8875,2,1,,8F1C,,,,F.05,Intel(R) Core(TM) Ultra 9 290HX Plus,64856 MB,NVIDIA GeForce RTX 5070 Laptop GPU,592.47,,,,,,,Cyberpunk 2077,2560x1440,disable,,disable,,,medium,95.9,,,,,,,,
,,26200.8875,2,1,,8F1C,,,,F.05,Intel(R) Core(TM) Ultra 9 290HX Plus,64856 MB,NVIDIA GeForce RTX 5070 Laptop GPU,592.47,,,,,,,Cyberpunk 2077,2560x1440,disable,,disable,,,high,80.1,,,,,,,,
,,26200.8875,2,1,,8F1C,,,,F.05,Intel(R) Core(TM) Ultra 9 290HX Plus,64856 MB,NVIDIA GeForce RTX 5070 Laptop GPU,592.47,,,,,,,Cyberpunk 2077,2560x1440,disable,,disable,,,ultra,68.4,,,,,,,,
,,26200.8875,2,1,,8F1C,,,,F.05,Intel(R) Core(TM) Ultra 9 290HX Plus,64856 MB,NVIDIA GeForce RTX 5070 Laptop GPU,592.47,,,,,,,Cyberpunk 2077,2560x1440,disable,,disable,,,steam_deck,94.2,,,,,,,,
,,26200.8875,2,1,,8F1C,,,,F.05,Intel(R) Core(TM) Ultra 9 290HX Plus,64856 MB,NVIDIA GeForce RTX 5070 Laptop GPU,592.47,,,,,,,Cyberpunk 2077,2560x1440,disable,,disable,,,ray_tracing_low,60.6,,,,,,,,
,,26200.8875,2,1,,8F1C,,,,F.05,Intel(R) Core(TM) Ultra 9 290HX Plus,64856 MB,NVIDIA GeForce RTX 5070 Laptop GPU,592.47,,,,,,,Cyberpunk 2077,2560x1440,disable,,disable,,,ray_tracing_medium,35.8,,,,,,,,
,,26200.8875,2,1,,8F1C,,,,F.05,Intel(R) Core(TM) Ultra 9 290HX Plus,64856 MB,NVIDIA GeForce RTX 5070 Laptop GPU,592.47,,,,,,,Cyberpunk 2077,2560x1440,disable,,disable,,,ray_tracing_ultra,28.6,,,,,,,,
,,26200.8875,2,1,,8F1C,,,,F.05,Intel(R) Core(TM) Ultra 9 290HX Plus,64856 MB,NVIDIA GeForce RTX 5070 Laptop GPU,592.47,,,,,,,Cyberpunk 2077,1920x1080,disable,,disable,,,low,153.9,,,,,,,,
,,26200.8875,2,1,,8F1C,,,,F.05,Intel(R) Core(TM) Ultra 9 290HX Plus,64856 MB,NVIDIA GeForce RTX 5070 Laptop GPU,592.47,,,,,,,Cyberpunk 2077,1920x1080,disable,,disable,,,medium,140.9,,,,,,,,
,,26200.8875,2,1,,8F1C,,,,F.05,Intel(R) Core(TM) Ultra 9 290HX Plus,64856 MB,NVIDIA GeForce RTX 5070 Laptop GPU,592.47,,,,,,,Cyberpunk 2077,1920x1080,disable,,disable,,,high,118.8,,,,,,,,
,,26200.8875,2,1,,8F1C,,,,F.05,Intel(R) Core(TM) Ultra 9 290HX Plus,64856 MB,NVIDIA GeForce RTX 5070 Laptop GPU,592.47,,,,,,,Cyberpunk 2077,1920x1080,disable,,disable,,,ultra,106,,,,,,,,
,,26200.8875,2,1,,8F1C,,,,F.05,Intel(R) Core(TM) Ultra 9 290HX Plus,64856 MB,NVIDIA GeForce RTX 5070 Laptop GPU,592.47,,,,,,,Cyberpunk 2077,1920x1080,disable,,disable,,,steam_deck,142,,,,,,,,
,,26200.8875,2,1,,8F1C,,,,F.05,Intel(R) Core(TM) Ultra 9 290HX Plus,64856 MB,NVIDIA GeForce RTX 5070 Laptop GPU,592.47,,,,,,,Cyberpunk 2077,1920x1080,disable,,disable,,,ray_tracing_low,96.4,,,,,,,,
,,26200.8875,2,1,,8F1C,,,,F.05,Intel(R) Core(TM) Ultra 9 290HX Plus,64856 MB,NVIDIA GeForce RTX 5070 Laptop GPU,592.47,,,,,,,Cyberpunk 2077,1920x1080,disable,,disable,,,ray_tracing_medium,58.7,,,,,,,,
,,26200.8875,2,1,,8F1C,,,,F.05,Intel(R) Core(TM) Ultra 9 290HX Plus,64856 MB,NVIDIA GeForce RTX 5070 Laptop GPU,592.47,,,,,,,Cyberpunk 2077,1920x1080,disable,,disable,,,ray_tracing_ultra,46.9,,,,,,,,
,,26200.8875,2,1,,8F1C,,,,F.05,Intel(R) Core(TM) Ultra 9 290HX Plus,64856 MB,NVIDIA GeForce RTX 5070 Laptop GPU,592.47,,,,,,,Cyberpunk 2077,1920x1080,disable,,disable,,,ray_tracing_overdrive,25,,,,,,,,
,,26200.8875,2,1,,8F1C,,,,F.01,Intel(R) Core(TM) Ultra 9 290HX Plus,64856 MB,NVIDIA GeForce RTX 5070 Laptop GPU,592.47,,,,,,,Cyberpunk 2077,2560x1440,dlss,quality,dlss,x2,,low,176.5,,,,,,,,
,,26200.8875,2,1,,8F1C,,,,F.01,Intel(R) Core(TM) Ultra 9 290HX Plus,64856 MB,NVIDIA GeForce RTX 5070 Laptop GPU,592.47,,,,,,,Cyberpunk 2077,2560x1440,dlss,quality,dlss,x3,,low,229.6,,,,,,,,
,,26200.8875,2,1,,8F1C,,,,F.01,Intel(R) Core(TM) Ultra 9 290HX Plus,64856 MB,NVIDIA GeForce RTX 5070 Laptop GPU,592.47,,,,,,,Cyberpunk 2077,2560x1440,dlss,quality,dlss,x4,,low,269.4,,,,,,,,
,,26200.8875,2,1,,8F1C,,,,F.01,Intel(R) Core(TM) Ultra 9 290HX Plus,64856 MB,NVIDIA GeForce RTX 5070 Laptop GPU,592.47,,,,,,,Cyberpunk 2077,2560x1440,dlss,balanced,dlss,x2,,low,186.7,,,,,,,,
,,26200.8875,2,1,,8F1C,,,,F.01,Intel(R) Core(TM) Ultra 9 290HX Plus,64856 MB,NVIDIA GeForce RTX 5070 Laptop GPU,592.47,,,,,,,Cyberpunk 2077,2560x1440,dlss,balanced,dlss,x3,,low,239.9,,,,,,,,
,,26200.8875,2,1,,8F1C,,,,F.01,Intel(R) Core(TM) Ultra 9 290HX Plus,64856 MB,NVIDIA GeForce RTX 5070 Laptop GPU,592.47,,,,,,,Cyberpunk 2077,2560x1440,dlss,balanced,dlss,x4,,low,281.2,,,,,,,,
,,26200.8875,2,1,,8F1C,,,,F.01,Intel(R) Core(TM) Ultra 9 290HX Plus,64856 MB,NVIDIA GeForce RTX 5070 Laptop GPU,592.47,,,,,,,Cyberpunk 2077,2560x1440,dlss,performance,dlss,x2,,low,196,,,,,,,,
,,26200.8875,2,1,,8F1C,,,,F.01,Intel(R) Core(TM) Ultra 9 290HX Plus,64856 MB,NVIDIA GeForce RTX 5070 Laptop GPU,592.47,,,,,,,Cyberpunk 2077,2560x1440,dlss,performance,dlss,x3,,low,249.6,,,,,,,,
,,26200.8875,2,1,,8F1C,,,,F.01,Intel(R) Core(TM) Ultra 9 290HX Plus,64856 MB,NVIDIA GeForce RTX 5070 Laptop GPU,592.47,,,,,,,Cyberpunk 2077,2560x1440,dlss,performance,dlss,x4,,low,290.3,,,,,,,,
,,26200.8875,2,1,,8F1C,,,,F.01,Intel(R) Core(TM) Ultra 9 290HX Plus,64856 MB,NVIDIA GeForce RTX 5070 Laptop GPU,592.47,,,,,,,Cyberpunk 2077,2560x1440,dlss,ultra_performance,dlss,x2,,low,234.6,,,,,,,,
,,26200.8875,2,1,,8F1C,,,,F.01,Intel(R) Core(TM) Ultra 9 290HX Plus,64856 MB,NVIDIA GeForce RTX 5070 Laptop GPU,592.47,,,,,,,Cyberpunk 2077,2560x1440,dlss,ultra_performance,dlss,x3,,low,291.4,,,,,,,,
,,26200.8875,2,1,,8F1C,,,,F.01,Intel(R) Core(TM) Ultra 9 290HX Plus,64856 MB,NVIDIA GeForce RTX 5070 Laptop GPU,592.47,,,,,,,Cyberpunk 2077,2560x1440,dlss,ultra_performance,dlss,x4,,low,330.9,,,,,,,,
,,26200.8875,2,1,,8F1C,,,,F.01,Intel(R) Core(TM) Ultra 9 290HX Plus,64856 MB,NVIDIA GeForce RTX 5070 Laptop GPU,592.47,,,,,,,Cyberpunk 2077,2560x1440,dlss,quality,dlss,x2,,medium,159.6,,,,,,,,
,,26200.8875,2,1,,8F1C,,,,F.01,Intel(R) Core(TM) Ultra 9 290HX Plus,64856 MB,NVIDIA GeForce RTX 5070 Laptop GPU,592.47,,,,,,,Cyberpunk 2077,2560x1440,dlss,quality,dlss,x3,,medium,210,,,,,,,,
,,26200.8875,2,1,,8F1C,,,,F.01,Intel(R) Core(TM) Ultra 9 290HX Plus,64856 MB,NVIDIA GeForce RTX 5070 Laptop GPU,592.47,,,,,,,Cyberpunk 2077,2560x1440,dlss,quality,dlss,x4,,medium,248.7,,,,,,,,
,,26200.8875,2,1,,8F1C,,,,F.01,Intel(R) Core(TM) Ultra 9 290HX Plus,64856 MB,NVIDIA GeForce RTX 5070 Laptop GPU,592.47,,,,,,,Cyberpunk 2077,2560x1440,dlss,balanced,dlss,x2,,medium,170.9,,,,,,,,
,,26200.8875,2,1,,8F1C,,,,F.01,Intel(R) Core(TM) Ultra 9 290HX Plus,64856 MB,NVIDIA GeForce RTX 5070 Laptop GPU,592.47,,,,,,,Cyberpunk 2077,2560x1440,dlss,balanced,dlss,x3,,medium,223.3,,,,,,,,
,,26200.8875,2,1,,8F1C,,,,F.01,Intel(R) Core(TM) Ultra 9 290HX Plus,64856 MB,NVIDIA GeForce RTX 5070 Laptop GPU,592.47,,,,,,,Cyberpunk 2077,2560x1440,dlss,balanced,dlss,x4,,medium,262.6,,,,,,,,
,,26200.8875,2,1,,8F1C,,,,F.01,Intel(R) Core(TM) Ultra 9 290HX Plus,64856 MB,NVIDIA GeForce RTX 5070 Laptop GPU,592.47,,,,,,,Cyberpunk 2077,2560x1440,dlss,performance,dlss,x2,,medium,182.2,,,,,,,,
,,26200.8875,2,1,,8F1C,,,,F.01,Intel(R) Core(TM) Ultra 9 290HX Plus,64856 MB,NVIDIA GeForce RTX 5070 Laptop GPU,592.47,,,,,,,Cyberpunk 2077,2560x1440,dlss,performance,dlss,x3,,medium,236.5,,,,,,,,
,,26200.8875,2,1,,8F1C,,,,F.01,Intel(R) Core(TM) Ultra 9 290HX Plus,64856 MB,NVIDIA GeForce RTX 5070 Laptop GPU,592.47,,,,,,,Cyberpunk 2077,2560x1440,dlss,performance,dlss,x4,,medium,276.7,,,,,,,,
,,26200.8875,2,1,,8F1C,,,,F.01,Intel(R) Core(TM) Ultra 9 290HX Plus,64856 MB,NVIDIA GeForce RTX 5070 Laptop GPU,592.47,,,,,,,Cyberpunk 2077,2560x1440,dlss,ultra_performance,dlss,x2,,medium,222.3,,,,,,,,
,,26200.8875,2,1,,8F1C,,,,F.01,Intel(R) Core(TM) Ultra 9 290HX Plus,64856 MB,NVIDIA GeForce RTX 5070 Laptop GPU,592.47,,,,,,,Cyberpunk 2077,2560x1440,dlss,ultra_performance,dlss,x3,,medium,278.9,,,,,,,,
,,26200.8875,2,1,,8F1C,,,,F.01,Intel(R) Core(TM) Ultra 9 290HX Plus,64856 MB,NVIDIA GeForce RTX 5070 Laptop GPU,592.47,,,,,,,Cyberpunk 2077,2560x1440,dlss,ultra_performance,dlss,x4,,medium,318.5,,,,,,,,
,,26200.8875,2,1,,8F1C,,,,F.01,Intel(R) Core(TM) Ultra 9 290HX Plus,64856 MB,NVIDIA GeForce RTX 5070 Laptop GPU,592.47,,,,,,,Cyberpunk 2077,2560x1440,dlss,quality,dlss,x2,,high,142.1,,,,,,,,
,,26200.8875,2,1,,8F1C,,,,F.01,Intel(R) Core(TM) Ultra 9 290HX Plus,64856 MB,NVIDIA GeForce RTX 5070 Laptop GPU,592.47,,,,,,,Cyberpunk 2077,2560x1440,dlss,quality,dlss,x3,,high,189.2,,,,,,,,
,,26200.8875,2,1,,8F1C,,,,F.01,Intel(R) Core(TM) Ultra 9 290HX Plus,64856 MB,NVIDIA GeForce RTX 5070 Laptop GPU,592.47,,,,,,,Cyberpunk 2077,2560x1440,dlss,quality,dlss,x4,,high,225,,,,,,,,
,,26200.8875,2,1,,8F1C,,,,F.01,Intel(R) Core(TM) Ultra 9 290HX Plus,64856 MB,NVIDIA GeForce RTX 5070 Laptop GPU,592.47,,,,,,,Cyberpunk 2077,2560x1440,dlss,balanced,dlss,x2,,high,151.4,,,,,,,,
,,26200.8875,2,1,,8F1C,,,,F.01,Intel(R) Core(TM) Ultra 9 290HX Plus,64856 MB,NVIDIA GeForce RTX 5070 Laptop GPU,592.47,,,,,,,Cyberpunk 2077,2560x1440,dlss,balanced,dlss,x3,,high,200.8,,,,,,,,
,,26200.8875,2,1,,8F1C,,,,F.01,Intel(R) Core(TM) Ultra 9 290HX Plus,64856 MB,NVIDIA GeForce RTX 5070 Laptop GPU,592.47,,,,,,,Cyberpunk 2077,2560x1440,dlss,balanced,dlss,x4,,high,237.6,,,,,,,,
,,26200.8875,2,1,,8F1C,,,,F.01,Intel(R) Core(TM) Ultra 9 290HX Plus,64856 MB,NVIDIA GeForce RTX 5070 Laptop GPU,592.47,,,,,,,Cyberpunk 2077,2560x1440,dlss,performance,dlss,x2,,high,161.2,,,,,,,,
,,26200.8875,2,1,,8F1C,,,,F.01,Intel(R) Core(TM) Ultra 9 290HX Plus,64856 MB,NVIDIA GeForce RTX 5070 Laptop GPU,592.47,,,,,,,Cyberpunk 2077,2560x1440,dlss,performance,dlss,x3,,high,211.8,,,,,,,,
,,26200.8875,2,1,,8F1C,,,,F.01,Intel(R) Core(TM) Ultra 9 290HX Plus,64856 MB,NVIDIA GeForce RTX 5070 Laptop GPU,592.47,,,,,,,Cyberpunk 2077,2560x1440,dlss,performance,dlss,x4,,high,249,,,,,,,,
,,26200.8875,2,1,,8F1C,,,,F.01,Intel(R) Core(TM) Ultra 9 290HX Plus,64856 MB,NVIDIA GeForce RTX 5070 Laptop GPU,592.47,,,,,,,Cyberpunk 2077,2560x1440,dlss,ultra_performance,dlss,x2,,high,192,,,,,,,,
,,26200.8875,2,1,,8F1C,,,,F.01,Intel(R) Core(TM) Ultra 9 290HX Plus,64856 MB,NVIDIA GeForce RTX 5070 Laptop GPU,592.47,,,,,,,Cyberpunk 2077,2560x1440,dlss,ultra_performance,dlss,x3,,high,248.4,,,,,,,,
,,26200.8875,2,1,,8F1C,,,,F.01,Intel(R) Core(TM) Ultra 9 290HX Plus,64856 MB,NVIDIA GeForce RTX 5070 Laptop GPU,592.47,,,,,,,Cyberpunk 2077,2560x1440,dlss,ultra_performance,dlss,x4,,high,287,,,,,,,,
,,26200.8875,2,1,,8F1C,,,,F.01,Intel(R) Core(TM) Ultra 9 290HX Plus,64856 MB,NVIDIA GeForce RTX 5070 Laptop GPU,592.47,,,,,,,Cyberpunk 2077,2560x1440,dlss,quality,dlss,x2,,ultra,118.1,,,,,,,,
,,26200.8875,2,1,,8F1C,,,,F.01,Intel(R) Core(TM) Ultra 9 290HX Plus,64856 MB,NVIDIA GeForce RTX 5070 Laptop GPU,592.47,,,,,,,Cyberpunk 2077,2560x1440,dlss,quality,dlss,x3,,ultra,160.1,,,,,,,,
,,26200.8875,2,1,,8F1C,,,,F.01,Intel(R) Core(TM) Ultra 9 290HX Plus,64856 MB,NVIDIA GeForce RTX 5070 Laptop GPU,592.47,,,,,,,Cyberpunk 2077,2560x1440,dlss,quality,dlss,x4,,ultra,195.5,,,,,,,,
,,26200.8875,2,1,,8F1C,,,,F.01,Intel(R) Core(TM) Ultra 9 290HX Plus,64856 MB,NVIDIA GeForce RTX 5070 Laptop GPU,592.47,,,,,,,Cyberpunk 2077,2560x1440,dlss,balanced,dlss,x2,,ultra,133,,,,,,,,
,,26200.8875,2,1,,8F1C,,,,F.01,Intel(R) Core(TM) Ultra 9 290HX Plus,64856 MB,NVIDIA GeForce RTX 5070 Laptop GPU,592.47,,,,,,,Cyberpunk 2077,2560x1440,dlss,balanced,dlss,x3,,ultra,178.7,,,,,,,,
,,26200.8875,2,1,,8F1C,,,,F.01,Intel(R) Core(TM) Ultra 9 290HX Plus,64856 MB,NVIDIA GeForce RTX 5070 Laptop GPU,592.47,,,,,,,Cyberpunk 2077,2560x1440,dlss,balanced,dlss,x4,,ultra,213.2,,,,,,,,
,,26200.8875,2,1,,8F1C,,,,F.01,Intel(R) Core(TM) Ultra 9 290HX Plus,64856 MB,NVIDIA GeForce RTX 5070 Laptop GPU,592.47,,,,,,,Cyberpunk 2077,2560x1440,dlss,performance,dlss,x2,,ultra,146.8,,,,,,,,
,,26200.8875,2,1,,8F1C,,,,F.01,Intel(R) Core(TM) Ultra 9 290HX Plus,64856 MB,NVIDIA GeForce RTX 5070 Laptop GPU,592.47,,,,,,,Cyberpunk 2077,2560x1440,dlss,performance,dlss,x3,,ultra,193.9,,,,,,,,
,,26200.8875,2,1,,8F1C,,,,F.01,Intel(R) Core(TM) Ultra 9 290HX Plus,64856 MB,NVIDIA GeForce RTX 5070 Laptop GPU,592.47,,,,,,,Cyberpunk 2077,2560x1440,dlss,performance,dlss,x4,,ultra,231.5,,,,,,,,
,,26200.8875,2,1,,8F1C,,,,F.01,Intel(R) Core(TM) Ultra 9 290HX Plus,64856 MB,NVIDIA GeForce RTX 5070 Laptop GPU,592.47,,,,,,,Cyberpunk 2077,2560x1440,dlss,ultra_performance,dlss,x2,,ultra,182.7,,,,,,,,
,,26200.8875,2,1,,8F1C,,,,F.01,Intel(R) Core(TM) Ultra 9 290HX Plus,64856 MB,NVIDIA GeForce RTX 5070 Laptop GPU,592.47,,,,,,,Cyberpunk 2077,2560x1440,dlss,ultra_performance,dlss,x3,,ultra,235.6,,,,,,,,
,,26200.8875,2,1,,8F1C,,,,F.01,Intel(R) Core(TM) Ultra 9 290HX Plus,64856 MB,NVIDIA GeForce RTX 5070 Laptop GPU,592.47,,,,,,,Cyberpunk 2077,2560x1440,dlss,ultra_performance,dlss,x4,,ultra,275.6,,,,,,,,
,,26200.8875,2,1,,8F1C,,,,F.01,Intel(R) Core(TM) Ultra 9 290HX Plus,64856 MB,NVIDIA GeForce RTX 5070 Laptop GPU,592.47,,,,,,,Cyberpunk 2077,2560x1440,dlss,quality,dlss,x2,,steam_deck,155.6,,,,,,,,
,,26200.8875,2,1,,8F1C,,,,F.01,Intel(R) Core(TM) Ultra 9 290HX Plus,64856 MB,NVIDIA GeForce RTX 5070 Laptop GPU,592.47,,,,,,,Cyberpunk 2077,2560x1440,dlss,quality,dlss,x3,,steam_deck,206.5,,,,,,,,
,,26200.8875,2,1,,8F1C,,,,F.01,Intel(R) Core(TM) Ultra 9 290HX Plus,64856 MB,NVIDIA GeForce RTX 5070 Laptop GPU,592.47,,,,,,,Cyberpunk 2077,2560x1440,dlss,quality,dlss,x4,,steam_deck,244.4,,,,,,,,
,,26200.8875,2,1,,8F1C,,,,F.01,Intel(R) Core(TM) Ultra 9 290HX Plus,64856 MB,NVIDIA GeForce RTX 5070 Laptop GPU,592.47,,,,,,,Cyberpunk 2077,2560x1440,dlss,balanced,dlss,x2,,steam_deck,167.1,,,,,,,,
,,26200.8875,2,1,,8F1C,,,,F.01,Intel(R) Core(TM) Ultra 9 290HX Plus,64856 MB,NVIDIA GeForce RTX 5070 Laptop GPU,592.47,,,,,,,Cyberpunk 2077,2560x1440,dlss,balanced,dlss,x3,,steam_deck,219,,,,,,,,
,,26200.8875,2,1,,8F1C,,,,F.01,Intel(R) Core(TM) Ultra 9 290HX Plus,64856 MB,NVIDIA GeForce RTX 5070 Laptop GPU,592.47,,,,,,,Cyberpunk 2077,2560x1440,dlss,balanced,dlss,x4,,steam_deck,257.9,,,,,,,,
,,26200.8875,2,1,,8F1C,,,,F.01,Intel(R) Core(TM) Ultra 9 290HX Plus,64856 MB,NVIDIA GeForce RTX 5070 Laptop GPU,592.47,,,,,,,Cyberpunk 2077,2560x1440,dlss,performance,dlss,x2,,steam_deck,177.4,,,,,,,,
,,26200.8875,2,1,,8F1C,,,,F.01,Intel(R) Core(TM) Ultra 9 290HX Plus,64856 MB,NVIDIA GeForce RTX 5070 Laptop GPU,592.47,,,,,,,Cyberpunk 2077,2560x1440,dlss,performance,dlss,x3,,steam_deck,230,,,,,,,,
,,26200.8875,2,1,,8F1C,,,,F.01,Intel(R) Core(TM) Ultra 9 290HX Plus,64856 MB,NVIDIA GeForce RTX 5070 Laptop GPU,592.47,,,,,,,Cyberpunk 2077,2560x1440,dlss,performance,dlss,x4,,steam_deck,269.5,,,,,,,,
,,26200.8875,2,1,,8F1C,,,,F.01,Intel(R) Core(TM) Ultra 9 290HX Plus,64856 MB,NVIDIA GeForce RTX 5070 Laptop GPU,592.47,,,,,,,Cyberpunk 2077,2560x1440,dlss,ultra_performance,dlss,x2,,steam_deck,213.5,,,,,,,,
,,26200.8875,2,1,,8F1C,,,,F.01,Intel(R) Core(TM) Ultra 9 290HX Plus,64856 MB,NVIDIA GeForce RTX 5070 Laptop GPU,592.47,,,,,,,Cyberpunk 2077,2560x1440,dlss,ultra_performance,dlss,x3,,steam_deck,270.7,,,,,,,,
,,26200.8875,2,1,,8F1C,,,,F.01,Intel(R) Core(TM) Ultra 9 290HX Plus,64856 MB,NVIDIA GeForce RTX 5070 Laptop GPU,592.47,,,,,,,Cyberpunk 2077,2560x1440,dlss,ultra_performance,dlss,x4,,steam_deck,309.8,,,,,,,,
,,26200.8875,2,1,,8F1C,,,,F.01,Intel(R) Core(TM) Ultra 9 290HX Plus,64856 MB,NVIDIA GeForce RTX 5070 Laptop GPU,592.47,,,,,,,Cyberpunk 2077,2560x1440,dlss,quality,dlss,x2,,ray_tracing_low,112.8,,,,,,,,
,,26200.8875,2,1,,8F1C,,,,F.01,Intel(R) Core(TM) Ultra 9 290HX Plus,64856 MB,NVIDIA GeForce RTX 5070 Laptop GPU,592.47,,,,,,,Cyberpunk 2077,2560x1440,dlss,quality,dlss,x3,,ray_tracing_low,153.1,,,,,,,,
,,26200.8875,2,1,,8F1C,,,,F.01,Intel(R) Core(TM) Ultra 9 290HX Plus,64856 MB,NVIDIA GeForce RTX 5070 Laptop GPU,592.47,,,,,,,Cyberpunk 2077,2560x1440,dlss,quality,dlss,x4,,ray_tracing_low,186.8,,,,,,,,
,,26200.8875,2,1,,8F1C,,,,F.01,Intel(R) Core(TM) Ultra 9 290HX Plus,64856 MB,NVIDIA GeForce RTX 5070 Laptop GPU,592.47,,,,,,,Cyberpunk 2077,2560x1440,dlss,balanced,dlss,x2,,ray_tracing_low,125.9,,,,,,,,
,,26200.8875,2,1,,8F1C,,,,F.01,Intel(R) Core(TM) Ultra 9 290HX Plus,64856 MB,NVIDIA GeForce RTX 5070 Laptop GPU,592.47,,,,,,,Cyberpunk 2077,2560x1440,dlss,balanced,dlss,x3,,ray_tracing_low,170.7,,,,,,,,
,,26200.8875,2,1,,8F1C,,,,F.01,Intel(R) Core(TM) Ultra 9 290HX Plus,64856 MB,NVIDIA GeForce RTX 5070 Laptop GPU,592.47,,,,,,,Cyberpunk 2077,2560x1440,dlss,balanced,dlss,x4,,ray_tracing_low,206.1,,,,,,,,
,,26200.8875,2,1,,8F1C,,,,F.01,Intel(R) Core(TM) Ultra 9 290HX Plus,64856 MB,NVIDIA GeForce RTX 5070 Laptop GPU,592.47,,,,,,,Cyberpunk 2077,2560x1440,dlss,performance,dlss,x2,,ray_tracing_low,139.6,,,,,,,,
,,26200.8875,2,1,,8F1C,,,,F.01,Intel(R) Core(TM) Ultra 9 290HX Plus,64856 MB,NVIDIA GeForce RTX 5070 Laptop GPU,592.47,,,,,,,Cyberpunk 2077,2560x1440,dlss,performance,dlss,x3,,ray_tracing_low,187.3,,,,,,,,
,,26200.8875,2,1,,8F1C,,,,F.01,Intel(R) Core(TM) Ultra 9 290HX Plus,64856 MB,NVIDIA GeForce RTX 5070 Laptop GPU,592.47,,,,,,,Cyberpunk 2077,2560x1440,dlss,performance,dlss,x4,,ray_tracing_low,222.9,,,,,,,,
,,26200.8875,2,1,,8F1C,,,,F.01,Intel(R) Core(TM) Ultra 9 290HX Plus,64856 MB,NVIDIA GeForce RTX 5070 Laptop GPU,592.47,,,,,,,Cyberpunk 2077,2560x1440,dlss,ultra_performance,dlss,x2,,ray_tracing_low,177.8,,,,,,,,
,,26200.8875,2,1,,8F1C,,,,F.01,Intel(R) Core(TM) Ultra 9 290HX Plus,64856 MB,NVIDIA GeForce RTX 5070 Laptop GPU,592.47,,,,,,,Cyberpunk 2077,2560x1440,dlss,ultra_performance,dlss,x3,,ray_tracing_low,230.3,,,,,,,,
,,26200.8875,2,1,,8F1C,,,,F.01,Intel(R) Core(TM) Ultra 9 290HX Plus,64856 MB,NVIDIA GeForce RTX 5070 Laptop GPU,592.47,,,,,,,Cyberpunk 2077,2560x1440,dlss,ultra_performance,dlss,x4,,ray_tracing_low,270.4,,,,,,,,
,,26200.8875,2,1,,8F1C,,,,F.01,Intel(R) Core(TM) Ultra 9 290HX Plus,64856 MB,NVIDIA GeForce RTX 5070 Laptop GPU,592.47,,,,,,,Cyberpunk 2077,2560x1440,dlss,quality,dlss,x2,,ray_tracing_medium,87.1,,,,,,,,
,,26200.8875,2,1,,8F1C,,,,F.01,Intel(R) Core(TM) Ultra 9 290HX Plus,64856 MB,NVIDIA GeForce RTX 5070 Laptop GPU,592.47,,,,,,,Cyberpunk 2077,2560x1440,dlss,quality,dlss,x3,,ray_tracing_medium,120.9,,,,,,,,
,,26200.8875,2,1,,8F1C,,,,F.01,Intel(R) Core(TM) Ultra 9 290HX Plus,64856 MB,NVIDIA GeForce RTX 5070 Laptop GPU,592.47,,,,,,,Cyberpunk 2077,2560x1440,dlss,quality,dlss,x4,,ray_tracing_medium,148.8,,,,,,,,
,,26200.8875,2,1,,8F1C,,,,F.01,Intel(R) Core(TM) Ultra 9 290HX Plus,64856 MB,NVIDIA GeForce RTX 5070 Laptop GPU,592.47,,,,,,,Cyberpunk 2077,2560x1440,dlss,balanced,dlss,x2,,ray_tracing_medium,101.2,,,,,,,,
,,26200.8875,2,1,,8F1C,,,,F.01,Intel(R) Core(TM) Ultra 9 290HX Plus,64856 MB,NVIDIA GeForce RTX 5070 Laptop GPU,592.47,,,,,,,Cyberpunk 2077,2560x1440,dlss,balanced,dlss,x3,,ray_tracing_medium,139.7,,,,,,,,
,,26200.8875,2,1,,8F1C,,,,F.01,Intel(R) Core(TM) Ultra 9 290HX Plus,64856 MB,NVIDIA GeForce RTX 5070 Laptop GPU,592.47,,,,,,,Cyberpunk 2077,2560x1440,dlss,balanced,dlss,x4,,ray_tracing_medium,169.4,,,,,,,,
,,26200.8875,2,1,,8F1C,,,,F.01,Intel(R) Core(TM) Ultra 9 290HX Plus,64856 MB,NVIDIA GeForce RTX 5070 Laptop GPU,592.47,,,,,,,Cyberpunk 2077,2560x1440,dlss,performance,dlss,x2,,ray_tracing_medium,115.1,,,,,,,,
,,26200.8875,2,1,,8F1C,,,,F.01,Intel(R) Core(TM) Ultra 9 290HX Plus,64856 MB,NVIDIA GeForce RTX 5070 Laptop GPU,592.47,,,,,,,Cyberpunk 2077,2560x1440,dlss,performance,dlss,x3,,ray_tracing_medium,157.4,,,,,,,,
,,26200.8875,2,1,,8F1C,,,,F.01,Intel(R) Core(TM) Ultra 9 290HX Plus,64856 MB,NVIDIA GeForce RTX 5070 Laptop GPU,592.47,,,,,,,Cyberpunk 2077,2560x1440,dlss,performance,dlss,x4,,ray_tracing_medium,190.9,,,,,,,,
,,26200.8875,2,1,,8F1C,,,,F.01,Intel(R) Core(TM) Ultra 9 290HX Plus,64856 MB,NVIDIA GeForce RTX 5070 Laptop GPU,592.47,,,,,,,Cyberpunk 2077,2560x1440,dlss,ultra_performance,dlss,x2,,ray_tracing_medium,153.3,,,,,,,,
,,26200.8875,2,1,,8F1C,,,,F.01,Intel(R) Core(TM) Ultra 9 290HX Plus,64856 MB,NVIDIA GeForce RTX 5070 Laptop GPU,592.47,,,,,,,Cyberpunk 2077,2560x1440,dlss,ultra_performance,dlss,x3,,ray_tracing_medium,203.1,,,,,,,,
,,26200.8875,2,1,,8F1C,,,,F.01,Intel(R) Core(TM) Ultra 9 290HX Plus,64856 MB,NVIDIA GeForce RTX 5070 Laptop GPU,592.47,,,,,,,Cyberpunk 2077,2560x1440,dlss,ultra_performance,dlss,x4,,ray_tracing_medium,242.4,,,,,,,,
,,26200.8875,2,1,,8F1C,,,,F.01,Intel(R) Core(TM) Ultra 9 290HX Plus,64856 MB,NVIDIA GeForce RTX 5070 Laptop GPU,592.47,,,,,,,Cyberpunk 2077,2560x1440,dlss,quality,dlss,x2,,ray_tracing_ultra,52.6,,,,,,,,
,,26200.8875,2,1,,8F1C,,,,F.01,Intel(R) Core(TM) Ultra 9 290HX Plus,64856 MB,NVIDIA GeForce RTX 5070 Laptop GPU,592.47,,,,,,,Cyberpunk 2077,2560x1440,dlss,quality,dlss,x3,,ray_tracing_ultra,82.1,,,,,,,,
,,26200.8875,2,1,,8F1C,,,,F.01,Intel(R) Core(TM) Ultra 9 290HX Plus,64856 MB,NVIDIA GeForce RTX 5070 Laptop GPU,592.47,,,,,,,Cyberpunk 2077,2560x1440,dlss,quality,dlss,x4,,ray_tracing_ultra,84.1,,,,,,,,
,,26200.8875,2,1,,8F1C,,,,F.01,Intel(R) Core(TM) Ultra 9 290HX Plus,64856 MB,NVIDIA GeForce RTX 5070 Laptop GPU,592.47,,,,,,,Cyberpunk 2077,2560x1440,dlss,balanced,dlss,x2,,ray_tracing_ultra,78.4,,,,,,,,
,,26200.8875,2,1,,8F1C,,,,F.01,Intel(R) Core(TM) Ultra 9 290HX Plus,64856 MB,NVIDIA GeForce RTX 5070 Laptop GPU,592.47,,,,,,,Cyberpunk 2077,2560x1440,dlss,balanced,dlss,x3,,ray_tracing_ultra,123.4,,,,,,,,
,,26200.8875,2,1,,8F1C,,,,F.01,Intel(R) Core(TM) Ultra 9 290HX Plus,64856 MB,NVIDIA GeForce RTX 5070 Laptop GPU,592.47,,,,,,,Cyberpunk 2077,2560x1440,dlss,balanced,dlss,x4,,ray_tracing_ultra,149,,,,,,,,
,,26200.8875,2,1,,8F1C,,,,F.01,Intel(R) Core(TM) Ultra 9 290HX Plus,64856 MB,NVIDIA GeForce RTX 5070 Laptop GPU,592.47,,,,,,,Cyberpunk 2077,2560x1440,dlss,performance,dlss,x2,,ray_tracing_ultra,106.7,,,,,,,,
,,26200.8875,2,1,,8F1C,,,,F.01,Intel(R) Core(TM) Ultra 9 290HX Plus,64856 MB,NVIDIA GeForce RTX 5070 Laptop GPU,592.47,,,,,,,Cyberpunk 2077,2560x1440,dlss,performance,dlss,x3,,ray_tracing_ultra,146.4,,,,,,,,
,,26200.8875,2,1,,8F1C,,,,F.01,Intel(R) Core(TM) Ultra 9 290HX Plus,64856 MB,NVIDIA GeForce RTX 5070 Laptop GPU,592.47,,,,,,,Cyberpunk 2077,2560x1440,dlss,performance,dlss,x4,,ray_tracing_ultra,178.9,,,,,,,,
,,26200.8875,2,1,,8F1C,,,,F.01,Intel(R) Core(TM) Ultra 9 290HX Plus,64856 MB,NVIDIA GeForce RTX 5070 Laptop GPU,592.47,,,,,,,Cyberpunk 2077,2560x1440,dlss,ultra_performance,dlss,x2,,ray_tracing_ultra,141.2,,,,,,,,
,,26200.8875,2,1,,8F1C,,,,F.01,Intel(R) Core(TM) Ultra 9 290HX Plus,64856 MB,NVIDIA GeForce RTX 5070 Laptop GPU,592.47,,,,,,,Cyberpunk 2077,2560x1440,dlss,ultra_performance,dlss,x3,,ray_tracing_ultra,189.9,,,,,,,,
,,26200.8875,2,1,,8F1C,,,,F.01,Intel(R) Core(TM) Ultra 9 290HX Plus,64856 MB,NVIDIA GeForce RTX 5070 Laptop GPU,592.47,,,,,,,Cyberpunk 2077,2560x1440,dlss,ultra_performance,dlss,x4,,ray_tracing_ultra,227.6,,,,,,,,
,,26200.8875,2,1,,8F1C,,,,F.01,Intel(R) Core(TM) Ultra 9 290HX Plus,64856 MB,NVIDIA GeForce RTX 5070 Laptop GPU,592.47,,,,,,,Cyberpunk 2077,2560x1440,dlss,quality,dlss,x2,,ray_tracing_overdrive,27.8,,,,,,,,
,,26200.8875,2,1,,8F1C,,,,F.01,Intel(R) Core(TM) Ultra 9 290HX Plus,64856 MB,NVIDIA GeForce RTX 5070 Laptop GPU,592.47,,,,,,,Cyberpunk 2077,2560x1440,dlss,quality,dlss,x3,,ray_tracing_overdrive,27.7,,,,,,,,
,,26200.8875,2,1,,8F1C,,,,F.01,Intel(R) Core(TM) Ultra 9 290HX Plus,64856 MB,NVIDIA GeForce RTX 5070 Laptop GPU,592.47,,,,,,,Cyberpunk 2077,2560x1440,dlss,quality,dlss,x4,,ray_tracing_overdrive,29.3,,,,,,,,
,,26200.8875,2,1,,8F1C,,,,F.01,Intel(R) Core(TM) Ultra 9 290HX Plus,64856 MB,NVIDIA GeForce RTX 5070 Laptop GPU,592.47,,,,,,,Cyberpunk 2077,2560x1440,dlss,balanced,dlss,x2,,ray_tracing_overdrive,17.3,,,,,,,,
